time=2026-10-02T05:34:32.973Z level=INFO source=app.go:194 msg="Starting Alertmanager" version="(version=0.34.1, branch=HEAD, revision=73c6bfe7393929211294c1954f30d8ed78e4d0ad)"
time=2026-10-02T05:34:32.975Z level=INFO source=app.go:196 msg="Build context" build_context="(go=go1.26.8, platform=linux/arm64, user=root@d3b71085e163, date=20260917-07:45:14, tags=netgo)"
time=2026-10-02T05:34:32.975Z level=DEBUG source=cluster.go:180 msg="resolved peers to following addresses" component=cluster peers=""
time=2026-10-02T05:34:32.976Z level=INFO source=cluster.go:192 msg="setting advertise address explicitly" component=cluster addr=10.244.0.25 port=9094
time=2026-10-02T05:34:32.976Z level=DEBUG source=delegate.go:246 msg=NotifyJoin component=cluster node=01M3XHPTGG35NCX2RFDA4P368C addr=10.244.0.25:9094
time=2026-10-02T05:34:32.977Z level=DEBUG source=nflog.go:363 msg="notification log snapshot file doesn't exist" component=nflog err="open data/nflog: no such file or directory"
time=2026-10-02T05:34:32.977Z level=DEBUG source=silence.go:553 msg="silences snapshot file doesn't exist" component=silences err="open data/silences: no such file or directory"
time=2026-10-02T05:34:32.977Z level=DEBUG source=cluster.go:276 msg="joined cluster" component=cluster peers=0
time=2026-10-02T05:34:32.977Z level=INFO source=cluster.go:682 msg="Waiting for gossip to settle..." component=cluster interval=2s
time=2026-10-02T05:34:33.094Z level=DEBUG source=app.go:439 msg="app setup" external_url=http://alertmanager-85b8b48996-vfkq7:9093
time=2026-10-02T05:34:33.095Z level=DEBUG source=dispatch.go:161 msg="preparing to start" component=dispatcher startTime=2026-10-02T05:34:32.975Z
time=2026-10-02T05:34:33.096Z level=DEBUG source=dispatch.go:163 msg="setting state" component=dispatcher state=waiting_to_start
time=2026-10-02T05:34:33.096Z level=DEBUG source=dispatch.go:223 msg="starting alert ingestion worker" component=dispatcher workerID=1
time=2026-10-02T05:34:33.096Z level=DEBUG source=dispatch.go:206 msg=started component=dispatcher state=running
time=2026-10-02T05:34:33.096Z level=DEBUG source=dispatch.go:207 msg="Starting all existing aggregation groups" component=dispatcher
time=2026-10-02T05:34:33.096Z level=DEBUG source=dispatch.go:223 msg="starting alert ingestion worker" component=dispatcher workerID=0
time=2026-10-02T05:34:33.096Z level=DEBUG source=app.go:514 msg="app setup" route_prefix=/
time=2026-10-02T05:34:33.096Z level=INFO source=tls_config.go:372 msg="Listening on" address=[::]:9093
time=2026-10-02T05:34:33.096Z level=INFO source=tls_config.go:375 msg="TLS is disabled." http2=false address=[::]:9093
time=2026-10-02T05:34:34.978Z level=INFO source=cluster.go:707 msg="gossip not settled" component=cluster polls=0 before=0 now=1 elapsed=2.000770141s
time=2026-10-02T05:34:36.979Z level=DEBUG source=cluster.go:704 msg="gossip looks settled" component=cluster elapsed=4.001164628s
time=2026-10-02T05:34:38.979Z level=DEBUG source=cluster.go:704 msg="gossip looks settled" component=cluster elapsed=6.001667874s
time=2026-10-02T05:34:40.979Z level=DEBUG source=cluster.go:704 msg="gossip looks settled" component=cluster elapsed=8.001789131s
time=2026-10-02T05:34:42.980Z level=INFO source=cluster.go:699 msg="gossip settled; proceeding" component=cluster elapsed=10.002137365s
time=2026-10-02T05:35:08.290Z level=DEBUG source=dispatch.go:259 msg="Received alert" component=dispatcher alert=KubeDeploymentRolloutStuck[df0258e][active]
time=2026-10-02T05:35:13.292Z level=DEBUG source=dispatch.go:934 msg=flushing component=dispatcher aggrGroup={}:{} numAlerts=1 alerts="KubeDeploymentRolloutStuck: 1"
time=2026-10-02T05:35:13.293Z level=DEBUG source=webhook.go:89 msg="extracted group key" integration=webhook group_key={}:{}
time=2026-10-02T05:35:13.365Z level=WARN source=retry_stage.go:165 msg="Notify attempt failed, will retry later" component=dispatcher receiver=gateway-webhook integration=webhook[0] aggrGroup={}:{} attempts=1 err="Post \"<redacted>\": dial tcp 10.96.1.2:8080: connect: connection refused"
time=2026-10-02T05:35:13.897Z level=DEBUG source=webhook.go:89 msg="extracted group key" integration=webhook group_key={}:{}
time=2026-10-02T05:35:14.741Z level=DEBUG source=webhook.go:89 msg="extracted group key" integration=webhook group_key={}:{}
time=2026-10-02T05:35:14.967Z level=DEBUG source=dispatch.go:259 msg="Received alert" component=dispatcher alert=ContainerOOMKilling[221200a][active]
time=2026-10-02T05:35:15.578Z level=DEBUG source=webhook.go:89 msg="extracted group key" integration=webhook group_key={}:{}
time=2026-10-02T05:35:17.399Z level=DEBUG source=webhook.go:89 msg="extracted group key" integration=webhook group_key={}:{}
time=2026-10-02T05:35:18.953Z level=DEBUG source=webhook.go:89 msg="extracted group key" integration=webhook group_key={}:{}
time=2026-10-02T05:35:23.293Z level=ERROR source=dispatch.go:589 msg="Notify for alerts failed" component=dispatcher aggrGroup={}:{} num_alerts=1 err="gateway-webhook/webhook[0]: notify retry canceled after 6 attempts: Post \"<redacted>\": dial tcp 10.96.1.2:8080: connect: connection refused"
time=2026-10-02T05:35:23.293Z level=DEBUG source=dispatch.go:934 msg=flushing component=dispatcher aggrGroup={}:{} numAlerts=2 alerts="ContainerOOMKilling: 1, KubeDeploymentRolloutStuck: 1"
time=2026-10-02T05:35:23.293Z level=DEBUG source=webhook.go:89 msg="extracted group key" integration=webhook group_key={}:{}
time=2026-10-02T05:35:23.333Z level=WARN source=retry_stage.go:165 msg="Notify attempt failed, will retry later" component=dispatcher receiver=gateway-webhook integration=webhook[0] aggrGroup={}:{} attempts=1 err="Post \"<redacted>\": dial tcp 10.96.1.2:8080: connect: connection refused"
time=2026-10-02T05:35:23.979Z level=DEBUG source=webhook.go:89 msg="extracted group key" integration=webhook group_key={}:{}
time=2026-10-02T05:35:25.079Z level=DEBUG source=webhook.go:89 msg="extracted group key" integration=webhook group_key={}:{}
time=2026-10-02T05:35:25.945Z level=DEBUG source=webhook.go:89 msg="extracted group key" integration=webhook group_key={}:{}
time=2026-10-02T05:35:26.848Z level=DEBUG source=webhook.go:89 msg="extracted group key" integration=webhook group_key={}:{}
time=2026-10-02T05:35:29.759Z level=DEBUG source=dispatch.go:259 msg="Received alert" component=dispatcher alert=KubePodCrashLooping[b0bc325][active]
time=2026-10-02T05:35:29.759Z level=DEBUG source=dispatch.go:259 msg="Received alert" component=dispatcher alert=KubePodCrashLooping[15a8d71][active]
time=2026-10-02T05:35:29.759Z level=DEBUG source=dispatch.go:259 msg="Received alert" component=dispatcher alert=KubePodCrashLooping[2da7231][active]
time=2026-10-02T05:35:29.826Z level=DEBUG source=webhook.go:89 msg="extracted group key" integration=webhook group_key={}:{}
time=2026-10-02T05:35:29.965Z level=DEBUG source=dispatch.go:259 msg="Received alert" component=dispatcher alert=ContainerOOMKilling[93e53ef][active]
time=2026-10-02T05:35:32.109Z level=DEBUG source=webhook.go:89 msg="extracted group key" integration=webhook group_key={}:{}
time=2026-10-02T05:35:33.294Z level=ERROR source=dispatch.go:589 msg="Notify for alerts failed" component=dispatcher aggrGroup={}:{} num_alerts=2 err="gateway-webhook/webhook[0]: notify retry canceled after 7 attempts: Post \"<redacted>\": dial tcp 10.96.1.2:8080: connect: connection refused"
time=2026-10-02T05:35:33.294Z level=DEBUG source=dispatch.go:934 msg=flushing component=dispatcher aggrGroup={}:{} numAlerts=6 alerts="ContainerOOMKilling: 2, KubeDeploymentRolloutStuck: 1, KubePodCrashLooping: 3"
time=2026-10-02T05:35:33.294Z level=DEBUG source=webhook.go:89 msg="extracted group key" integration=webhook group_key={}:{}
time=2026-10-02T05:35:33.300Z level=WARN source=retry_stage.go:165 msg="Notify attempt failed, will retry later" component=dispatcher receiver=gateway-webhook integration=webhook[0] aggrGroup={}:{} attempts=1 err="Post \"<redacted>\": dial tcp 10.96.1.2:8080: connect: connection refused"
time=2026-10-02T05:35:33.740Z level=DEBUG source=webhook.go:89 msg="extracted group key" integration=webhook group_key={}:{}
time=2026-10-02T05:35:34.836Z level=DEBUG source=webhook.go:89 msg="extracted group key" integration=webhook group_key={}:{}
time=2026-10-02T05:35:35.827Z level=DEBUG source=webhook.go:89 msg="extracted group key" integration=webhook group_key={}:{}
time=2026-10-02T05:35:38.238Z level=DEBUG source=webhook.go:89 msg="extracted group key" integration=webhook group_key={}:{}
time=2026-10-02T05:35:38.289Z level=DEBUG source=dispatch.go:259 msg="Received alert" component=dispatcher alert=KubeDeploymentRolloutStuck[feb775f][active]
time=2026-10-02T05:35:41.101Z level=DEBUG source=dispatch.go:259 msg="Received alert" component=dispatcher alert=RBACPolicyDenied[bc05418][active]
time=2026-10-02T05:35:41.488Z level=DEBUG source=webhook.go:89 msg="extracted group key" integration=webhook group_key={}:{}
time=2026-10-02T05:35:43.294Z level=ERROR source=dispatch.go:589 msg="Notify for alerts failed" component=dispatcher aggrGroup={}:{} num_alerts=6 err="gateway-webhook/webhook[0]: notify retry canceled after 6 attempts: Post \"<redacted>\": dial tcp 10.96.1.2:8080: connect: connection refused"
time=2026-10-02T05:35:43.294Z level=DEBUG source=dispatch.go:934 msg=flushing component=dispatcher aggrGroup={}:{} numAlerts=8 alerts="RBACPolicyDenied: 1, ContainerOOMKilling: 2, KubeDeploymentRolloutStuck: 2, KubePodCrashLooping: 3"
time=2026-10-02T05:35:43.295Z level=DEBUG source=webhook.go:89 msg="extracted group key" integration=webhook group_key={}:{}
time=2026-10-02T05:35:43.314Z level=WARN source=retry_stage.go:165 msg="Notify attempt failed, will retry later" component=dispatcher receiver=gateway-webhook integration=webhook[0] aggrGroup={}:{} attempts=1 err="Post \"<redacted>\": dial tcp 10.96.1.2:8080: connect: connection refused"
time=2026-10-02T05:35:43.694Z level=DEBUG source=webhook.go:89 msg="extracted group key" integration=webhook group_key={}:{}
time=2026-10-02T05:35:44.384Z level=DEBUG source=webhook.go:89 msg="extracted group key" integration=webhook group_key={}:{}
time=2026-10-02T05:35:45.341Z level=DEBUG source=webhook.go:89 msg="extracted group key" integration=webhook group_key={}:{}
time=2026-10-02T05:35:47.222Z level=DEBUG source=webhook.go:89 msg="extracted group key" integration=webhook group_key={}:{}
time=2026-10-02T05:35:50.260Z level=DEBUG source=webhook.go:89 msg="extracted group key" integration=webhook group_key={}:{}
time=2026-10-02T05:35:53.296Z level=ERROR source=dispatch.go:589 msg="Notify for alerts failed" component=dispatcher aggrGroup={}:{} num_alerts=8 err="gateway-webhook/webhook[0]: notify retry canceled after 6 attempts: Post \"<redacted>\": dial tcp 10.96.1.2:8080: connect: connection refused"
time=2026-10-02T05:35:53.296Z level=DEBUG source=dispatch.go:934 msg=flushing component=dispatcher aggrGroup={}:{} numAlerts=8 alerts="RBACPolicyDenied: 1, ContainerOOMKilling: 2, KubeDeploymentRolloutStuck: 2, KubePodCrashLooping: 3"
time=2026-10-02T05:35:53.297Z level=DEBUG source=webhook.go:89 msg="extracted group key" integration=webhook group_key={}:{}
time=2026-10-02T05:35:53.303Z level=WARN source=retry_stage.go:165 msg="Notify attempt failed, will retry later" component=dispatcher receiver=gateway-webhook integration=webhook[0] aggrGroup={}:{} attempts=1 err="Post \"<redacted>\": dial tcp 10.96.1.2:8080: connect: connection refused"
time=2026-10-02T05:35:54.019Z level=DEBUG source=webhook.go:89 msg="extracted group key" integration=webhook group_key={}:{}
time=2026-10-02T05:35:54.907Z level=DEBUG source=webhook.go:89 msg="extracted group key" integration=webhook group_key={}:{}
time=2026-10-02T05:35:55.493Z level=DEBUG source=webhook.go:89 msg="extracted group key" integration=webhook group_key={}:{}
time=2026-10-02T05:35:56.103Z level=DEBUG source=dispatch.go:259 msg="Received alert" component=dispatcher alert=RBACPolicyDenied[9e45a8b][active]
time=2026-10-02T05:35:56.523Z level=DEBUG source=webhook.go:89 msg="extracted group key" integration=webhook group_key={}:{}
time=2026-10-02T05:35:59.028Z level=DEBUG source=webhook.go:89 msg="extracted group key" integration=webhook group_key={}:{}
time=2026-10-02T05:36:02.970Z level=DEBUG source=webhook.go:89 msg="extracted group key" integration=webhook group_key={}:{}
time=2026-10-02T05:36:03.296Z level=ERROR source=dispatch.go:589 msg="Notify for alerts failed" component=dispatcher aggrGroup={}:{} num_alerts=8 err="gateway-webhook/webhook[0]: notify retry canceled after 7 attempts: Post \"<redacted>\": dial tcp 10.96.1.2:8080: connect: connection refused"
time=2026-10-02T05:36:03.296Z level=DEBUG source=dispatch.go:934 msg=flushing component=dispatcher aggrGroup={}:{} numAlerts=9 alerts="RBACPolicyDenied: 2, ContainerOOMKilling: 2, KubeDeploymentRolloutStuck: 2, KubePodCrashLooping: 3"
time=2026-10-02T05:36:03.296Z level=DEBUG source=webhook.go:89 msg="extracted group key" integration=webhook group_key={}:{}
time=2026-10-02T05:36:03.302Z level=WARN source=retry_stage.go:165 msg="Notify attempt failed, will retry later" component=dispatcher receiver=gateway-webhook integration=webhook[0] aggrGroup={}:{} attempts=1 err="Post \"<redacted>\": dial tcp 10.96.1.2:8080: connect: connection refused"
time=2026-10-02T05:36:03.827Z level=DEBUG source=webhook.go:89 msg="extracted group key" integration=webhook group_key={}:{}
time=2026-10-02T05:36:04.471Z level=DEBUG source=webhook.go:89 msg="extracted group key" integration=webhook group_key={}:{}
time=2026-10-02T05:36:05.085Z level=DEBUG source=webhook.go:89 msg="extracted group key" integration=webhook group_key={}:{}
time=2026-10-02T05:36:06.756Z level=DEBUG source=webhook.go:89 msg="extracted group key" integration=webhook group_key={}:{}
time=2026-10-02T05:36:08.053Z level=DEBUG source=webhook.go:89 msg="extracted group key" integration=webhook group_key={}:{}
time=2026-10-02T05:36:11.104Z level=DEBUG source=dispatch.go:259 msg="Received alert" component=dispatcher alert=RBACPolicyDenied[bc05418][resolved]
time=2026-10-02T05:36:11.268Z level=DEBUG source=webhook.go:89 msg="extracted group key" integration=webhook group_key={}:{}
time=2026-10-02T05:36:13.297Z level=ERROR source=dispatch.go:589 msg="Notify for alerts failed" component=dispatcher aggrGroup={}:{} num_alerts=9 err="gateway-webhook/webhook[0]: notify retry canceled after 7 attempts: Post \"<redacted>\": dial tcp 10.96.1.2:8080: connect: connection refused"
time=2026-10-02T05:36:13.297Z level=DEBUG source=dispatch.go:934 msg=flushing component=dispatcher aggrGroup={}:{} numAlerts=9 alerts="RBACPolicyDenied: 2, ContainerOOMKilling: 2, KubeDeploymentRolloutStuck: 2, KubePodCrashLooping: 3"
time=2026-10-02T05:36:13.298Z level=DEBUG source=webhook.go:89 msg="extracted group key" integration=webhook group_key={}:{}
time=2026-10-02T05:36:13.304Z level=WARN source=retry_stage.go:165 msg="Notify attempt failed, will retry later" component=dispatcher receiver=gateway-webhook integration=webhook[0] aggrGroup={}:{} attempts=1 err="Post \"<redacted>\": dial tcp 10.96.1.2:8080: connect: connection refused"
time=2026-10-02T05:36:13.978Z level=DEBUG source=webhook.go:89 msg="extracted group key" integration=webhook group_key={}:{}
time=2026-10-02T05:36:14.388Z level=DEBUG source=webhook.go:89 msg="extracted group key" integration=webhook group_key={}:{}
time=2026-10-02T05:36:14.966Z level=DEBUG source=dispatch.go:259 msg="Received alert" component=dispatcher alert=ContainerOOMKilling[221200a][resolved]
time=2026-10-02T05:36:15.499Z level=DEBUG source=webhook.go:89 msg="extracted group key" integration=webhook group_key={}:{}
time=2026-10-02T05:36:17.061Z level=DEBUG source=webhook.go:89 msg="extracted group key" integration=webhook group_key={}:{}
time=2026-10-02T05:36:20.343Z level=DEBUG source=webhook.go:89 msg="extracted group key" integration=webhook group_key={}:{}
time=2026-10-02T05:36:23.288Z level=DEBUG source=dispatch.go:259 msg="Received alert" component=dispatcher alert=KubeDeploymentRolloutStuck[df0258e][resolved]
time=2026-10-02T05:36:23.298Z level=ERROR source=dispatch.go:589 msg="Notify for alerts failed" component=dispatcher aggrGroup={}:{} num_alerts=9 err="gateway-webhook/webhook[0]: notify retry canceled after 6 attempts: Post \"<redacted>\": dial tcp 10.96.1.2:8080: connect: connection refused"
time=2026-10-02T05:36:23.299Z level=DEBUG source=dispatch.go:934 msg=flushing component=dispatcher aggrGroup={}:{} numAlerts=9 alerts="RBACPolicyDenied: 2, ContainerOOMKilling: 2, KubeDeploymentRolloutStuck: 2, KubePodCrashLooping: 3"
time=2026-10-02T05:36:23.299Z level=DEBUG source=webhook.go:89 msg="extracted group key" integration=webhook group_key={}:{}
time=2026-10-02T05:36:23.304Z level=WARN source=retry_stage.go:165 msg="Notify attempt failed, will retry later" component=dispatcher receiver=gateway-webhook integration=webhook[0] aggrGroup={}:{} attempts=1 err="Post \"<redacted>\": dial tcp 10.96.1.2:8080: connect: connection refused"
time=2026-10-02T05:36:23.670Z level=DEBUG source=webhook.go:89 msg="extracted group key" integration=webhook group_key={}:{}
time=2026-10-02T05:36:24.057Z level=DEBUG source=webhook.go:89 msg="extracted group key" integration=webhook group_key={}:{}
time=2026-10-02T05:36:24.789Z level=DEBUG source=webhook.go:89 msg="extracted group key" integration=webhook group_key={}:{}
time=2026-10-02T05:36:26.489Z level=DEBUG source=webhook.go:89 msg="extracted group key" integration=webhook group_key={}:{}
time=2026-10-02T05:36:29.784Z level=DEBUG source=webhook.go:89 msg="extracted group key" integration=webhook group_key={}:{}
time=2026-10-02T05:36:33.299Z level=ERROR source=dispatch.go:589 msg="Notify for alerts failed" component=dispatcher aggrGroup={}:{} num_alerts=9 err="gateway-webhook/webhook[0]: notify retry canceled after 6 attempts: Post \"<redacted>\": dial tcp 10.96.1.2:8080: connect: connection refused"
time=2026-10-02T05:36:33.299Z level=DEBUG source=dispatch.go:934 msg=flushing component=dispatcher aggrGroup={}:{} numAlerts=9 alerts="RBACPolicyDenied: 2, ContainerOOMKilling: 2, KubeDeploymentRolloutStuck: 2, KubePodCrashLooping: 3"
time=2026-10-02T05:36:33.300Z level=DEBUG source=webhook.go:89 msg="extracted group key" integration=webhook group_key={}:{}
time=2026-10-02T05:36:33.306Z level=WARN source=retry_stage.go:165 msg="Notify attempt failed, will retry later" component=dispatcher receiver=gateway-webhook integration=webhook[0] aggrGroup={}:{} attempts=1 err="Post \"<redacted>\": dial tcp 10.96.1.2:8080: connect: connection refused"
time=2026-10-02T05:36:33.880Z level=DEBUG source=webhook.go:89 msg="extracted group key" integration=webhook group_key={}:{}
time=2026-10-02T05:36:34.885Z level=DEBUG source=webhook.go:89 msg="extracted group key" integration=webhook group_key={}:{}
time=2026-10-02T05:36:36.466Z level=DEBUG source=webhook.go:89 msg="extracted group key" integration=webhook group_key={}:{}
time=2026-10-02T05:36:38.364Z level=DEBUG source=webhook.go:89 msg="extracted group key" integration=webhook group_key={}:{}
time=2026-10-02T05:36:40.950Z level=DEBUG source=webhook.go:89 msg="extracted group key" integration=webhook group_key={}:{}
time=2026-10-02T05:36:43.301Z level=ERROR source=dispatch.go:589 msg="Notify for alerts failed" component=dispatcher aggrGroup={}:{} num_alerts=9 err="gateway-webhook/webhook[0]: notify retry canceled after 6 attempts: Post \"<redacted>\": dial tcp 10.96.1.2:8080: connect: connection refused"
time=2026-10-02T05:36:43.301Z level=DEBUG source=dispatch.go:934 msg=flushing component=dispatcher aggrGroup={}:{} numAlerts=9 alerts="RBACPolicyDenied: 2, ContainerOOMKilling: 2, KubeDeploymentRolloutStuck: 2, KubePodCrashLooping: 3"
time=2026-10-02T05:36:43.302Z level=DEBUG source=webhook.go:89 msg="extracted group key" integration=webhook group_key={}:{}
time=2026-10-02T05:36:43.311Z level=WARN source=retry_stage.go:165 msg="Notify attempt failed, will retry later" component=dispatcher receiver=gateway-webhook integration=webhook[0] aggrGroup={}:{} attempts=1 err="Post \"<redacted>\": dial tcp 10.96.1.2:8080: connect: connection refused"
time=2026-10-02T05:36:43.677Z level=DEBUG source=webhook.go:89 msg="extracted group key" integration=webhook group_key={}:{}
time=2026-10-02T05:36:44.453Z level=DEBUG source=webhook.go:89 msg="extracted group key" integration=webhook group_key={}:{}
time=2026-10-02T05:36:44.762Z level=DEBUG source=dispatch.go:259 msg="Received alert" component=dispatcher alert=KubePodCrashLooping[b0bc325][active]
time=2026-10-02T05:36:44.762Z level=DEBUG source=dispatch.go:259 msg="Received alert" component=dispatcher alert=KubePodCrashLooping[2da7231][active]
time=2026-10-02T05:36:44.762Z level=DEBUG source=dispatch.go:259 msg="Received alert" component=dispatcher alert=KubePodCrashLooping[15a8d71][active]
time=2026-10-02T05:36:44.967Z level=DEBUG source=dispatch.go:259 msg="Received alert" component=dispatcher alert=ContainerOOMKilling[93e53ef][active]
time=2026-10-02T05:36:45.059Z level=DEBUG source=webhook.go:89 msg="extracted group key" integration=webhook group_key={}:{}
time=2026-10-02T05:36:47.506Z level=DEBUG source=webhook.go:89 msg="extracted group key" integration=webhook group_key={}:{}
time=2026-10-02T05:36:49.301Z level=DEBUG source=webhook.go:89 msg="extracted group key" integration=webhook group_key={}:{}
time=2026-10-02T05:36:51.271Z level=DEBUG source=webhook.go:89 msg="extracted group key" integration=webhook group_key={}:{}
time=2026-10-02T05:36:53.290Z level=DEBUG source=dispatch.go:259 msg="Received alert" component=dispatcher alert=KubeDeploymentRolloutStuck[feb775f][active]
time=2026-10-02T05:36:53.302Z level=ERROR source=dispatch.go:589 msg="Notify for alerts failed" component=dispatcher aggrGroup={}:{} num_alerts=9 err="gateway-webhook/webhook[0]: notify retry canceled after 7 attempts: Post \"<redacted>\": dial tcp 10.96.1.2:8080: connect: connection refused"
time=2026-10-02T05:36:53.302Z level=DEBUG source=dispatch.go:934 msg=flushing component=dispatcher aggrGroup={}:{} numAlerts=9 alerts="RBACPolicyDenied: 2, ContainerOOMKilling: 2, KubeDeploymentRolloutStuck: 2, KubePodCrashLooping: 3"
time=2026-10-02T05:36:53.303Z level=DEBUG source=webhook.go:89 msg="extracted group key" integration=webhook group_key={}:{}
time=2026-10-02T05:36:53.309Z level=WARN source=retry_stage.go:165 msg="Notify attempt failed, will retry later" component=dispatcher receiver=gateway-webhook integration=webhook[0] aggrGroup={}:{} attempts=1 err="Post \"<redacted>\": dial tcp 10.96.1.2:8080: connect: connection refused"
time=2026-10-02T05:36:53.580Z level=DEBUG source=webhook.go:89 msg="extracted group key" integration=webhook group_key={}:{}
time=2026-10-02T05:36:53.982Z level=DEBUG source=webhook.go:89 msg="extracted group key" integration=webhook group_key={}:{}
time=2026-10-02T05:36:55.436Z level=DEBUG source=webhook.go:89 msg="extracted group key" integration=webhook group_key={}:{}
time=2026-10-02T05:36:57.190Z level=DEBUG source=webhook.go:89 msg="extracted group key" integration=webhook group_key={}:{}
time=2026-10-02T05:36:58.849Z level=DEBUG source=webhook.go:89 msg="extracted group key" integration=webhook group_key={}:{}
time=2026-10-02T05:37:03.303Z level=ERROR source=dispatch.go:589 msg="Notify for alerts failed" component=dispatcher aggrGroup={}:{} num_alerts=9 err="gateway-webhook/webhook[0]: notify retry canceled after 6 attempts: Post \"<redacted>\": dial tcp 10.96.1.2:8080: connect: connection refused"
time=2026-10-02T05:37:03.303Z level=DEBUG source=dispatch.go:934 msg=flushing component=dispatcher aggrGroup={}:{} numAlerts=9 alerts="RBACPolicyDenied: 2, ContainerOOMKilling: 2, KubeDeploymentRolloutStuck: 2, KubePodCrashLooping: 3"
time=2026-10-02T05:37:03.304Z level=DEBUG source=webhook.go:89 msg="extracted group key" integration=webhook group_key={}:{}
time=2026-10-02T05:37:03.311Z level=WARN source=retry_stage.go:165 msg="Notify attempt failed, will retry later" component=dispatcher receiver=gateway-webhook integration=webhook[0] aggrGroup={}:{} attempts=1 err="Post \"<redacted>\": dial tcp 10.96.1.2:8080: connect: connection refused"
time=2026-10-02T05:37:03.764Z level=DEBUG source=webhook.go:89 msg="extracted group key" integration=webhook group_key={}:{}
time=2026-10-02T05:37:04.392Z level=DEBUG source=webhook.go:89 msg="extracted group key" integration=webhook group_key={}:{}
time=2026-10-02T05:37:05.376Z level=DEBUG source=webhook.go:89 msg="extracted group key" integration=webhook group_key={}:{}
time=2026-10-02T05:37:07.823Z level=DEBUG source=webhook.go:89 msg="extracted group key" integration=webhook group_key={}:{}
time=2026-10-02T05:37:10.691Z level=DEBUG source=webhook.go:89 msg="extracted group key" integration=webhook group_key={}:{}
time=2026-10-02T05:37:11.103Z level=DEBUG source=dispatch.go:259 msg="Received alert" component=dispatcher alert=RBACPolicyDenied[9e45a8b][active]
time=2026-10-02T05:37:12.906Z level=DEBUG source=webhook.go:89 msg="extracted group key" integration=webhook group_key={}:{}
time=2026-10-02T05:37:13.303Z level=ERROR source=dispatch.go:589 msg="Notify for alerts failed" component=dispatcher aggrGroup={}:{} num_alerts=9 err="gateway-webhook/webhook[0]: notify retry canceled after 7 attempts: Post \"<redacted>\": dial tcp 10.96.1.2:8080: connect: connection refused"
time=2026-10-02T05:37:13.303Z level=DEBUG source=dispatch.go:934 msg=flushing component=dispatcher aggrGroup={}:{} numAlerts=9 alerts="RBACPolicyDenied: 2, ContainerOOMKilling: 2, KubeDeploymentRolloutStuck: 2, KubePodCrashLooping: 3"
time=2026-10-02T05:37:13.304Z level=DEBUG source=webhook.go:89 msg="extracted group key" integration=webhook group_key={}:{}
time=2026-10-02T05:37:13.311Z level=WARN source=retry_stage.go:165 msg="Notify attempt failed, will retry later" component=dispatcher receiver=gateway-webhook integration=webhook[0] aggrGroup={}:{} attempts=1 err="Post \"<redacted>\": dial tcp 10.96.1.2:8080: connect: connection refused"
time=2026-10-02T05:37:13.919Z level=DEBUG source=webhook.go:89 msg="extracted group key" integration=webhook group_key={}:{}
time=2026-10-02T05:37:15.000Z level=DEBUG source=webhook.go:89 msg="extracted group key" integration=webhook group_key={}:{}
time=2026-10-02T05:37:15.605Z level=DEBUG source=webhook.go:89 msg="extracted group key" integration=webhook group_key={}:{}
time=2026-10-02T05:37:17.581Z level=DEBUG source=webhook.go:89 msg="extracted group key" integration=webhook group_key={}:{}
time=2026-10-02T05:37:21.111Z level=DEBUG source=webhook.go:89 msg="extracted group key" integration=webhook group_key={}:{}
time=2026-10-02T05:37:23.305Z level=ERROR source=dispatch.go:589 msg="Notify for alerts failed" component=dispatcher aggrGroup={}:{} num_alerts=9 err="gateway-webhook/webhook[0]: notify retry canceled after 6 attempts: Post \"<redacted>\": dial tcp 10.96.1.2:8080: connect: connection refused"
time=2026-10-02T05:37:23.305Z level=DEBUG source=dispatch.go:934 msg=flushing component=dispatcher aggrGroup={}:{} numAlerts=9 alerts="RBACPolicyDenied: 2, ContainerOOMKilling: 2, KubeDeploymentRolloutStuck: 2, KubePodCrashLooping: 3"
time=2026-10-02T05:37:23.305Z level=DEBUG source=webhook.go:89 msg="extracted group key" integration=webhook group_key={}:{}
time=2026-10-02T05:37:23.311Z level=WARN source=retry_stage.go:165 msg="Notify attempt failed, will retry later" component=dispatcher receiver=gateway-webhook integration=webhook[0] aggrGroup={}:{} attempts=1 err="Post \"<redacted>\": dial tcp 10.96.1.2:8080: connect: connection refused"
time=2026-10-02T05:37:23.670Z level=DEBUG source=webhook.go:89 msg="extracted group key" integration=webhook group_key={}:{}
time=2026-10-02T05:37:24.521Z level=DEBUG source=webhook.go:89 msg="extracted group key" integration=webhook group_key={}:{}
time=2026-10-02T05:37:25.650Z level=DEBUG source=webhook.go:89 msg="extracted group key" integration=webhook group_key={}:{}
time=2026-10-02T05:37:26.104Z level=DEBUG source=dispatch.go:259 msg="Received alert" component=dispatcher alert=RBACPolicyDenied[bc05418][resolved]
time=2026-10-02T05:37:27.087Z level=DEBUG source=webhook.go:89 msg="extracted group key" integration=webhook group_key={}:{}
time=2026-10-02T05:37:29.332Z level=DEBUG source=webhook.go:89 msg="extracted group key" integration=webhook group_key={}:{}
time=2026-10-02T05:37:29.966Z level=DEBUG source=dispatch.go:259 msg="Received alert" component=dispatcher alert=ContainerOOMKilling[221200a][resolved]
time=2026-10-02T05:37:33.306Z level=ERROR source=dispatch.go:589 msg="Notify for alerts failed" component=dispatcher aggrGroup={}:{} num_alerts=9 err="gateway-webhook/webhook[0]: notify retry canceled after 6 attempts: Post \"<redacted>\": dial tcp 10.96.1.2:8080: connect: connection refused"
time=2026-10-02T05:37:33.306Z level=DEBUG source=dispatch.go:934 msg=flushing component=dispatcher aggrGroup={}:{} numAlerts=9 alerts="RBACPolicyDenied: 2, ContainerOOMKilling: 2, KubeDeploymentRolloutStuck: 2, KubePodCrashLooping: 3"
time=2026-10-02T05:37:33.306Z level=DEBUG source=webhook.go:89 msg="extracted group key" integration=webhook group_key={}:{}
time=2026-10-02T05:37:33.312Z level=WARN source=retry_stage.go:165 msg="Notify attempt failed, will retry later" component=dispatcher receiver=gateway-webhook integration=webhook[0] aggrGroup={}:{} attempts=1 err="Post \"<redacted>\": dial tcp 10.96.1.2:8080: connect: connection refused"
time=2026-10-02T05:37:33.980Z level=DEBUG source=webhook.go:89 msg="extracted group key" integration=webhook group_key={}:{}
time=2026-10-02T05:37:34.543Z level=DEBUG source=webhook.go:89 msg="extracted group key" integration=webhook group_key={}:{}
time=2026-10-02T05:37:35.233Z level=DEBUG source=webhook.go:89 msg="extracted group key" integration=webhook group_key={}:{}
time=2026-10-02T05:37:36.724Z level=DEBUG source=webhook.go:89 msg="extracted group key" integration=webhook group_key={}:{}
time=2026-10-02T05:37:38.288Z level=DEBUG source=dispatch.go:259 msg="Received alert" component=dispatcher alert=KubeDeploymentRolloutStuck[df0258e][resolved]
time=2026-10-02T05:37:40.199Z level=DEBUG source=webhook.go:89 msg="extracted group key" integration=webhook group_key={}:{}
time=2026-10-02T05:37:43.307Z level=ERROR source=dispatch.go:589 msg="Notify for alerts failed" component=dispatcher aggrGroup={}:{} num_alerts=9 err="gateway-webhook/webhook[0]: notify retry canceled after 6 attempts: Post \"<redacted>\": dial tcp 10.96.1.2:8080: connect: connection refused"
time=2026-10-02T05:37:43.307Z level=DEBUG source=dispatch.go:934 msg=flushing component=dispatcher aggrGroup={}:{} numAlerts=9 alerts="RBACPolicyDenied: 2, ContainerOOMKilling: 2, KubeDeploymentRolloutStuck: 2, KubePodCrashLooping: 3"
time=2026-10-02T05:37:43.307Z level=DEBUG source=webhook.go:89 msg="extracted group key" integration=webhook group_key={}:{}
time=2026-10-02T05:37:43.313Z level=WARN source=retry_stage.go:165 msg="Notify attempt failed, will retry later" component=dispatcher receiver=gateway-webhook integration=webhook[0] aggrGroup={}:{} attempts=1 err="Post \"<redacted>\": dial tcp 10.96.1.2:8080: connect: connection refused"
time=2026-10-02T05:37:43.622Z level=DEBUG source=webhook.go:89 msg="extracted group key" integration=webhook group_key={}:{}
time=2026-10-02T05:37:44.250Z level=DEBUG source=webhook.go:89 msg="extracted group key" integration=webhook group_key={}:{}
time=2026-10-02T05:37:45.166Z level=DEBUG source=webhook.go:89 msg="extracted group key" integration=webhook group_key={}:{}
time=2026-10-02T05:37:47.136Z level=DEBUG source=webhook.go:89 msg="extracted group key" integration=webhook group_key={}:{}
time=2026-10-02T05:37:49.896Z level=DEBUG source=webhook.go:89 msg="extracted group key" integration=webhook group_key={}:{}
time=2026-10-02T05:37:51.998Z level=DEBUG source=webhook.go:89 msg="extracted group key" integration=webhook group_key={}:{}
time=2026-10-02T05:37:53.308Z level=ERROR source=dispatch.go:589 msg="Notify for alerts failed" component=dispatcher aggrGroup={}:{} num_alerts=9 err="gateway-webhook/webhook[0]: notify retry canceled after 7 attempts: Post \"<redacted>\": dial tcp 10.96.1.2:8080: connect: connection refused"
time=2026-10-02T05:37:53.308Z level=DEBUG source=dispatch.go:934 msg=flushing component=dispatcher aggrGroup={}:{} numAlerts=9 alerts="RBACPolicyDenied: 2, ContainerOOMKilling: 2, KubeDeploymentRolloutStuck: 2, KubePodCrashLooping: 3"
time=2026-10-02T05:37:53.309Z level=DEBUG source=webhook.go:89 msg="extracted group key" integration=webhook group_key={}:{}
time=2026-10-02T05:37:53.314Z level=WARN source=retry_stage.go:165 msg="Notify attempt failed, will retry later" component=dispatcher receiver=gateway-webhook integration=webhook[0] aggrGroup={}:{} attempts=1 err="Post \"<redacted>\": dial tcp 10.96.1.2:8080: connect: connection refused"
time=2026-10-02T05:37:53.699Z level=DEBUG source=webhook.go:89 msg="extracted group key" integration=webhook group_key={}:{}
time=2026-10-02T05:37:54.712Z level=DEBUG source=webhook.go:89 msg="extracted group key" integration=webhook group_key={}:{}
time=2026-10-02T05:37:56.174Z level=DEBUG source=webhook.go:89 msg="extracted group key" integration=webhook group_key={}:{}
time=2026-10-02T05:37:58.254Z level=DEBUG source=webhook.go:89 msg="extracted group key" integration=webhook group_key={}:{}
time=2026-10-02T05:37:59.761Z level=DEBUG source=dispatch.go:259 msg="Received alert" component=dispatcher alert=KubePodCrashLooping[b0bc325][active]
time=2026-10-02T05:37:59.761Z level=DEBUG source=dispatch.go:259 msg="Received alert" component=dispatcher alert=KubePodCrashLooping[2da7231][active]
time=2026-10-02T05:37:59.761Z level=DEBUG source=dispatch.go:259 msg="Received alert" component=dispatcher alert=KubePodCrashLooping[15a8d71][active]
time=2026-10-02T05:37:59.966Z level=DEBUG source=dispatch.go:259 msg="Received alert" component=dispatcher alert=ContainerOOMKilling[93e53ef][active]
time=2026-10-02T05:38:01.894Z level=DEBUG source=webhook.go:89 msg="extracted group key" integration=webhook group_key={}:{}
time=2026-10-02T05:38:03.309Z level=ERROR source=dispatch.go:589 msg="Notify for alerts failed" component=dispatcher aggrGroup={}:{} num_alerts=9 err="gateway-webhook/webhook[0]: notify retry canceled after 6 attempts: Post \"<redacted>\": dial tcp 10.96.1.2:8080: connect: connection refused"
time=2026-10-02T05:38:03.309Z level=DEBUG source=dispatch.go:934 msg=flushing component=dispatcher aggrGroup={}:{} numAlerts=9 alerts="RBACPolicyDenied: 2, ContainerOOMKilling: 2, KubeDeploymentRolloutStuck: 2, KubePodCrashLooping: 3"
time=2026-10-02T05:38:03.310Z level=DEBUG source=webhook.go:89 msg="extracted group key" integration=webhook group_key={}:{}
time=2026-10-02T05:38:03.315Z level=WARN source=retry_stage.go:165 msg="Notify attempt failed, will retry later" component=dispatcher receiver=gateway-webhook integration=webhook[0] aggrGroup={}:{} attempts=1 err="Post \"<redacted>\": dial tcp 10.96.1.2:8080: connect: connection refused"
time=2026-10-02T05:38:03.837Z level=DEBUG source=webhook.go:89 msg="extracted group key" integration=webhook group_key={}:{}
time=2026-10-02T05:38:04.236Z level=DEBUG source=webhook.go:89 msg="extracted group key" integration=webhook group_key={}:{}
time=2026-10-02T05:38:05.398Z level=DEBUG source=webhook.go:89 msg="extracted group key" integration=webhook group_key={}:{}
time=2026-10-02T05:38:07.605Z level=DEBUG source=webhook.go:89 msg="extracted group key" integration=webhook group_key={}:{}
time=2026-10-02T05:38:08.289Z level=DEBUG source=dispatch.go:259 msg="Received alert" component=dispatcher alert=KubeDeploymentRolloutStuck[feb775f][active]
time=2026-10-02T05:38:11.351Z level=DEBUG source=webhook.go:89 msg="extracted group key" integration=webhook group_key={}:{}
time=2026-10-02T05:38:13.311Z level=ERROR source=dispatch.go:589 msg="Notify for alerts failed" component=dispatcher aggrGroup={}:{} num_alerts=9 err="gateway-webhook/webhook[0]: notify retry canceled after 6 attempts: Post \"<redacted>\": dial tcp 10.96.1.2:8080: connect: connection refused"
time=2026-10-02T05:38:13.311Z level=DEBUG source=dispatch.go:934 msg=flushing component=dispatcher aggrGroup={}:{} numAlerts=9 alerts="RBACPolicyDenied: 2, ContainerOOMKilling: 2, KubeDeploymentRolloutStuck: 2, KubePodCrashLooping: 3"
time=2026-10-02T05:38:13.312Z level=DEBUG source=webhook.go:89 msg="extracted group key" integration=webhook group_key={}:{}
time=2026-10-02T05:38:13.319Z level=WARN source=retry_stage.go:165 msg="Notify attempt failed, will retry later" component=dispatcher receiver=gateway-webhook integration=webhook[0] aggrGroup={}:{} attempts=1 err="Post \"<redacted>\": dial tcp 10.96.1.2:8080: connect: connection refused"
time=2026-10-02T05:38:13.619Z level=DEBUG source=webhook.go:89 msg="extracted group key" integration=webhook group_key={}:{}
time=2026-10-02T05:38:14.699Z level=DEBUG source=webhook.go:89 msg="extracted group key" integration=webhook group_key={}:{}
time=2026-10-02T05:38:15.998Z level=DEBUG source=webhook.go:89 msg="extracted group key" integration=webhook group_key={}:{}
time=2026-10-02T05:38:18.360Z level=DEBUG source=webhook.go:89 msg="extracted group key" integration=webhook group_key={}:{}
time=2026-10-02T05:38:20.565Z level=DEBUG source=webhook.go:89 msg="extracted group key" integration=webhook group_key={}:{}
time=2026-10-02T05:38:23.312Z level=ERROR source=dispatch.go:589 msg="Notify for alerts failed" component=dispatcher aggrGroup={}:{} num_alerts=9 err="gateway-webhook/webhook[0]: notify retry canceled after 6 attempts: Post \"<redacted>\": dial tcp 10.96.1.2:8080: connect: connection refused"
time=2026-10-02T05:38:23.312Z level=DEBUG source=dispatch.go:934 msg=flushing component=dispatcher aggrGroup={}:{} numAlerts=9 alerts="RBACPolicyDenied: 2, ContainerOOMKilling: 2, KubeDeploymentRolloutStuck: 2, KubePodCrashLooping: 3"
time=2026-10-02T05:38:23.312Z level=DEBUG source=webhook.go:89 msg="extracted group key" integration=webhook group_key={}:{}
time=2026-10-02T05:38:23.317Z level=WARN source=retry_stage.go:165 msg="Notify attempt failed, will retry later" component=dispatcher receiver=gateway-webhook integration=webhook[0] aggrGroup={}:{} attempts=1 err="Post \"<redacted>\": dial tcp 10.96.1.2:8080: connect: connection refused"
time=2026-10-02T05:38:23.822Z level=DEBUG source=webhook.go:89 msg="extracted group key" integration=webhook group_key={}:{}
time=2026-10-02T05:38:24.231Z level=DEBUG source=webhook.go:89 msg="extracted group key" integration=webhook group_key={}:{}
time=2026-10-02T05:38:24.877Z level=DEBUG source=webhook.go:89 msg="extracted group key" integration=webhook group_key={}:{}
time=2026-10-02T05:38:26.078Z level=DEBUG source=webhook.go:89 msg="extracted group key" integration=webhook group_key={}:{}
time=2026-10-02T05:38:26.101Z level=DEBUG source=dispatch.go:259 msg="Received alert" component=dispatcher alert=RBACPolicyDenied[9e45a8b][active]
time=2026-10-02T05:38:27.904Z level=DEBUG source=webhook.go:89 msg="extracted group key" integration=webhook group_key={}:{}
time=2026-10-02T05:38:32.083Z level=DEBUG source=webhook.go:89 msg="extracted group key" integration=webhook group_key={}:{}
time=2026-10-02T05:38:33.313Z level=ERROR source=dispatch.go:589 msg="Notify for alerts failed" component=dispatcher aggrGroup={}:{} num_alerts=9 err="gateway-webhook/webhook[0]: notify retry canceled after 7 attempts: Post \"<redacted>\": dial tcp 10.96.1.2:8080: connect: connection refused"
time=2026-10-02T05:38:33.313Z level=DEBUG source=dispatch.go:934 msg=flushing component=dispatcher aggrGroup={}:{} numAlerts=9 alerts="RBACPolicyDenied: 2, ContainerOOMKilling: 2, KubeDeploymentRolloutStuck: 2, KubePodCrashLooping: 3"
time=2026-10-02T05:38:33.313Z level=DEBUG source=webhook.go:89 msg="extracted group key" integration=webhook group_key={}:{}
time=2026-10-02T05:38:33.319Z level=WARN source=retry_stage.go:165 msg="Notify attempt failed, will retry later" component=dispatcher receiver=gateway-webhook integration=webhook[0] aggrGroup={}:{} attempts=1 err="Post \"<redacted>\": dial tcp 10.96.1.2:8080: connect: connection refused"
time=2026-10-02T05:38:33.602Z level=DEBUG source=webhook.go:89 msg="extracted group key" integration=webhook group_key={}:{}
time=2026-10-02T05:38:34.690Z level=DEBUG source=webhook.go:89 msg="extracted group key" integration=webhook group_key={}:{}
time=2026-10-02T05:38:35.660Z level=DEBUG source=webhook.go:89 msg="extracted group key" integration=webhook group_key={}:{}
time=2026-10-02T05:38:37.517Z level=DEBUG source=webhook.go:89 msg="extracted group key" integration=webhook group_key={}:{}
time=2026-10-02T05:38:40.435Z level=DEBUG source=webhook.go:89 msg="extracted group key" integration=webhook group_key={}:{}
time=2026-10-02T05:38:41.101Z level=DEBUG source=dispatch.go:259 msg="Received alert" component=dispatcher alert=RBACPolicyDenied[bc05418][resolved]
time=2026-10-02T05:38:43.314Z level=ERROR source=dispatch.go:589 msg="Notify for alerts failed" component=dispatcher aggrGroup={}:{} num_alerts=9 err="gateway-webhook/webhook[0]: notify retry canceled after 6 attempts: Post \"<redacted>\": dial tcp 10.96.1.2:8080: connect: connection refused"
time=2026-10-02T05:38:43.314Z level=DEBUG source=dispatch.go:934 msg=flushing component=dispatcher aggrGroup={}:{} numAlerts=9 alerts="RBACPolicyDenied: 2, ContainerOOMKilling: 2, KubeDeploymentRolloutStuck: 2, KubePodCrashLooping: 3"
time=2026-10-02T05:38:43.314Z level=DEBUG source=webhook.go:89 msg="extracted group key" integration=webhook group_key={}:{}
time=2026-10-02T05:38:43.321Z level=WARN source=retry_stage.go:165 msg="Notify attempt failed, will retry later" component=dispatcher receiver=gateway-webhook integration=webhook[0] aggrGroup={}:{} attempts=1 err="Post \"<redacted>\": dial tcp 10.96.1.2:8080: connect: connection refused"
time=2026-10-02T05:38:43.809Z level=DEBUG source=webhook.go:89 msg="extracted group key" integration=webhook group_key={}:{}
time=2026-10-02T05:38:44.380Z level=DEBUG source=webhook.go:89 msg="extracted group key" integration=webhook group_key={}:{}
time=2026-10-02T05:38:44.967Z level=DEBUG source=dispatch.go:259 msg="Received alert" component=dispatcher alert=ContainerOOMKilling[221200a][resolved]
time=2026-10-02T05:38:45.091Z level=DEBUG source=webhook.go:89 msg="extracted group key" integration=webhook group_key={}:{}
time=2026-10-02T05:38:47.023Z level=DEBUG source=webhook.go:89 msg="extracted group key" integration=webhook group_key={}:{}
time=2026-10-02T05:38:50.185Z level=DEBUG source=webhook.go:89 msg="extracted group key" integration=webhook group_key={}:{}
time=2026-10-02T05:38:53.288Z level=DEBUG source=dispatch.go:259 msg="Received alert" component=dispatcher alert=KubeDeploymentRolloutStuck[df0258e][resolved]
time=2026-10-02T05:38:53.315Z level=ERROR source=dispatch.go:589 msg="Notify for alerts failed" component=dispatcher aggrGroup={}:{} num_alerts=9 err="gateway-webhook/webhook[0]: notify retry canceled after 6 attempts: Post \"<redacted>\": dial tcp 10.96.1.2:8080: connect: connection refused"
time=2026-10-02T05:38:53.315Z level=DEBUG source=dispatch.go:934 msg=flushing component=dispatcher aggrGroup={}:{} numAlerts=9 alerts="RBACPolicyDenied: 2, ContainerOOMKilling: 2, KubeDeploymentRolloutStuck: 2, KubePodCrashLooping: 3"
time=2026-10-02T05:38:53.316Z level=DEBUG source=webhook.go:89 msg="extracted group key" integration=webhook group_key={}:{}
time=2026-10-02T05:38:53.322Z level=WARN source=retry_stage.go:165 msg="Notify attempt failed, will retry later" component=dispatcher receiver=gateway-webhook integration=webhook[0] aggrGroup={}:{} attempts=1 err="Post \"<redacted>\": dial tcp 10.96.1.2:8080: connect: connection refused"
time=2026-10-02T05:38:53.658Z level=DEBUG source=webhook.go:89 msg="extracted group key" integration=webhook group_key={}:{}
time=2026-10-02T05:38:54.399Z level=DEBUG source=webhook.go:89 msg="extracted group key" integration=webhook group_key={}:{}
time=2026-10-02T05:38:55.649Z level=DEBUG source=webhook.go:89 msg="extracted group key" integration=webhook group_key={}:{}
time=2026-10-02T05:38:56.725Z level=DEBUG source=webhook.go:89 msg="extracted group key" integration=webhook group_key={}:{}
time=2026-10-02T05:38:58.568Z level=DEBUG source=webhook.go:89 msg="extracted group key" integration=webhook group_key={}:{}
time=2026-10-02T05:39:03.317Z level=ERROR source=dispatch.go:589 msg="Notify for alerts failed" component=dispatcher aggrGroup={}:{} num_alerts=9 err="gateway-webhook/webhook[0]: notify retry canceled after 6 attempts: Post \"<redacted>\": dial tcp 10.96.1.2:8080: connect: connection refused"
time=2026-10-02T05:39:03.317Z level=DEBUG source=dispatch.go:934 msg=flushing component=dispatcher aggrGroup={}:{} numAlerts=9 alerts="RBACPolicyDenied: 2, ContainerOOMKilling: 2, KubeDeploymentRolloutStuck: 2, KubePodCrashLooping: 3"
time=2026-10-02T05:39:03.317Z level=DEBUG source=webhook.go:89 msg="extracted group key" integration=webhook group_key={}:{}
time=2026-10-02T05:39:03.324Z level=WARN source=retry_stage.go:165 msg="Notify attempt failed, will retry later" component=dispatcher receiver=gateway-webhook integration=webhook[0] aggrGroup={}:{} attempts=1 err="Post \"<redacted>\": dial tcp 10.96.1.2:8080: connect: connection refused"
time=2026-10-02T05:39:03.910Z level=DEBUG source=webhook.go:89 msg="extracted group key" integration=webhook group_key={}:{}
time=2026-10-02T05:39:04.960Z level=DEBUG source=webhook.go:89 msg="extracted group key" integration=webhook group_key={}:{}
time=2026-10-02T05:39:06.626Z level=DEBUG source=webhook.go:89 msg="extracted group key" integration=webhook group_key={}:{}
time=2026-10-02T05:39:08.211Z level=DEBUG source=webhook.go:89 msg="extracted group key" integration=webhook group_key={}:{}
time=2026-10-02T05:39:09.501Z level=DEBUG source=webhook.go:89 msg="extracted group key" integration=webhook group_key={}:{}
time=2026-10-02T05:39:13.318Z level=ERROR source=dispatch.go:589 msg="Notify for alerts failed" component=dispatcher aggrGroup={}:{} num_alerts=9 err="gateway-webhook/webhook[0]: notify retry canceled after 6 attempts: Post \"<redacted>\": dial tcp 10.96.1.2:8080: connect: connection refused"
time=2026-10-02T05:39:13.318Z level=DEBUG source=dispatch.go:934 msg=flushing component=dispatcher aggrGroup={}:{} numAlerts=9 alerts="RBACPolicyDenied: 2, ContainerOOMKilling: 2, KubeDeploymentRolloutStuck: 2, KubePodCrashLooping: 3"
time=2026-10-02T05:39:13.318Z level=DEBUG source=webhook.go:89 msg="extracted group key" integration=webhook group_key={}:{}
time=2026-10-02T05:39:13.330Z level=WARN source=retry_stage.go:165 msg="Notify attempt failed, will retry later" component=dispatcher receiver=gateway-webhook integration=webhook[0] aggrGroup={}:{} attempts=1 err="Post \"<redacted>\": dial tcp 10.96.1.2:8080: connect: connection refused"
time=2026-10-02T05:39:13.784Z level=DEBUG source=webhook.go:89 msg="extracted group key" integration=webhook group_key={}:{}
time=2026-10-02T05:39:14.759Z level=DEBUG source=dispatch.go:259 msg="Received alert" component=dispatcher alert=KubePodCrashLooping[b0bc325][active]
time=2026-10-02T05:39:14.759Z level=DEBUG source=dispatch.go:259 msg="Received alert" component=dispatcher alert=KubePodCrashLooping[15a8d71][active]
time=2026-10-02T05:39:14.759Z level=DEBUG source=dispatch.go:259 msg="Received alert" component=dispatcher alert=KubePodCrashLooping[2da7231][active]
time=2026-10-02T05:39:14.845Z level=DEBUG source=webhook.go:89 msg="extracted group key" integration=webhook group_key={}:{}
time=2026-10-02T05:39:14.966Z level=DEBUG source=dispatch.go:259 msg="Received alert" component=dispatcher alert=ContainerOOMKilling[93e53ef][active]
time=2026-10-02T05:39:15.977Z level=DEBUG source=webhook.go:89 msg="extracted group key" integration=webhook group_key={}:{}
time=2026-10-02T05:39:17.056Z level=DEBUG source=webhook.go:89 msg="extracted group key" integration=webhook group_key={}:{}
time=2026-10-02T05:39:19.677Z level=DEBUG source=webhook.go:89 msg="extracted group key" integration=webhook group_key={}:{}
time=2026-10-02T05:39:22.087Z level=DEBUG source=webhook.go:89 msg="extracted group key" integration=webhook group_key={}:{}
time=2026-10-02T05:39:23.292Z level=DEBUG source=dispatch.go:259 msg="Received alert" component=dispatcher alert=KubeDeploymentRolloutStuck[feb775f][active]
time=2026-10-02T05:39:23.318Z level=ERROR source=dispatch.go:589 msg="Notify for alerts failed" component=dispatcher aggrGroup={}:{} num_alerts=9 err="gateway-webhook/webhook[0]: notify retry canceled after 7 attempts: Post \"<redacted>\": dial tcp 10.96.1.2:8080: connect: connection refused"
time=2026-10-02T05:39:23.318Z level=DEBUG source=dispatch.go:934 msg=flushing component=dispatcher aggrGroup={}:{} numAlerts=9 alerts="RBACPolicyDenied: 2, ContainerOOMKilling: 2, KubeDeploymentRolloutStuck: 2, KubePodCrashLooping: 3"
time=2026-10-02T05:39:23.318Z level=DEBUG source=webhook.go:89 msg="extracted group key" integration=webhook group_key={}:{}
time=2026-10-02T05:39:23.324Z level=WARN source=retry_stage.go:165 msg="Notify attempt failed, will retry later" component=dispatcher receiver=gateway-webhook integration=webhook[0] aggrGroup={}:{} attempts=1 err="Post \"<redacted>\": dial tcp 10.96.1.2:8080: connect: connection refused"
time=2026-10-02T05:39:23.930Z level=DEBUG source=webhook.go:89 msg="extracted group key" integration=webhook group_key={}:{}
time=2026-10-02T05:39:24.503Z level=DEBUG source=webhook.go:89 msg="extracted group key" integration=webhook group_key={}:{}
time=2026-10-02T05:39:25.854Z level=DEBUG source=webhook.go:89 msg="extracted group key" integration=webhook group_key={}:{}
time=2026-10-02T05:39:28.349Z level=DEBUG source=webhook.go:89 msg="extracted group key" integration=webhook group_key={}:{}
time=2026-10-02T05:39:32.124Z level=DEBUG source=webhook.go:89 msg="extracted group key" integration=webhook group_key={}:{}
time=2026-10-02T05:39:33.318Z level=ERROR source=dispatch.go:589 msg="Notify for alerts failed" component=dispatcher aggrGroup={}:{} num_alerts=9 err="gateway-webhook/webhook[0]: notify retry canceled after 6 attempts: Post \"<redacted>\": dial tcp 10.96.1.2:8080: connect: connection refused"
time=2026-10-02T05:39:33.318Z level=DEBUG source=dispatch.go:934 msg=flushing component=dispatcher aggrGroup={}:{} numAlerts=9 alerts="RBACPolicyDenied: 2, ContainerOOMKilling: 2, KubeDeploymentRolloutStuck: 2, KubePodCrashLooping: 3"
time=2026-10-02T05:39:33.318Z level=DEBUG source=webhook.go:89 msg="extracted group key" integration=webhook group_key={}:{}
time=2026-10-02T05:39:33.325Z level=WARN source=retry_stage.go:165 msg="Notify attempt failed, will retry later" component=dispatcher receiver=gateway-webhook integration=webhook[0] aggrGroup={}:{} attempts=1 err="Post \"<redacted>\": dial tcp 10.96.1.2:8080: connect: connection refused"
time=2026-10-02T05:39:33.757Z level=DEBUG source=webhook.go:89 msg="extracted group key" integration=webhook group_key={}:{}
time=2026-10-02T05:39:34.150Z level=DEBUG source=webhook.go:89 msg="extracted group key" integration=webhook group_key={}:{}
time=2026-10-02T05:39:35.240Z level=DEBUG source=webhook.go:89 msg="extracted group key" integration=webhook group_key={}:{}
time=2026-10-02T05:39:36.859Z level=DEBUG source=webhook.go:89 msg="extracted group key" integration=webhook group_key={}:{}
time=2026-10-02T05:39:39.895Z level=DEBUG source=webhook.go:89 msg="extracted group key" integration=webhook group_key={}:{}
time=2026-10-02T05:39:41.101Z level=DEBUG source=dispatch.go:259 msg="Received alert" component=dispatcher alert=RBACPolicyDenied[9e45a8b][active]
time=2026-10-02T05:39:43.319Z level=ERROR source=dispatch.go:589 msg="Notify for alerts failed" component=dispatcher aggrGroup={}:{} num_alerts=9 err="gateway-webhook/webhook[0]: notify retry canceled after 6 attempts: Post \"<redacted>\": dial tcp 10.96.1.2:8080: connect: connection refused"
time=2026-10-02T05:39:43.319Z level=DEBUG source=dispatch.go:934 msg=flushing component=dispatcher aggrGroup={}:{} numAlerts=9 alerts="RBACPolicyDenied: 2, ContainerOOMKilling: 2, KubeDeploymentRolloutStuck: 2, KubePodCrashLooping: 3"
time=2026-10-02T05:39:43.319Z level=DEBUG source=webhook.go:89 msg="extracted group key" integration=webhook group_key={}:{}
time=2026-10-02T05:39:43.326Z level=WARN source=retry_stage.go:165 msg="Notify attempt failed, will retry later" component=dispatcher receiver=gateway-webhook integration=webhook[0] aggrGroup={}:{} attempts=1 err="Post \"<redacted>\": dial tcp 10.96.1.2:8080: connect: connection refused"
time=2026-10-02T05:39:43.678Z level=DEBUG source=webhook.go:89 msg="extracted group key" integration=webhook group_key={}:{}
time=2026-10-02T05:39:44.530Z level=DEBUG source=webhook.go:89 msg="extracted group key" integration=webhook group_key={}:{}
time=2026-10-02T05:39:46.009Z level=DEBUG source=webhook.go:89 msg="extracted group key" integration=webhook group_key={}:{}
time=2026-10-02T05:39:48.193Z level=DEBUG source=webhook.go:89 msg="extracted group key" integration=webhook group_key={}:{}
time=2026-10-02T05:39:50.794Z level=DEBUG source=webhook.go:89 msg="extracted group key" integration=webhook group_key={}:{}
time=2026-10-02T05:39:53.320Z level=ERROR source=dispatch.go:589 msg="Notify for alerts failed" component=dispatcher aggrGroup={}:{} num_alerts=9 err="gateway-webhook/webhook[0]: notify retry canceled after 6 attempts: Post \"<redacted>\": dial tcp 10.96.1.2:8080: connect: connection refused"
time=2026-10-02T05:39:53.320Z level=DEBUG source=dispatch.go:934 msg=flushing component=dispatcher aggrGroup={}:{} numAlerts=9 alerts="RBACPolicyDenied: 2, ContainerOOMKilling: 2, KubeDeploymentRolloutStuck: 2, KubePodCrashLooping: 3"
time=2026-10-02T05:39:53.320Z level=DEBUG source=webhook.go:89 msg="extracted group key" integration=webhook group_key={}:{}
time=2026-10-02T05:39:53.326Z level=WARN source=retry_stage.go:165 msg="Notify attempt failed, will retry later" component=dispatcher receiver=gateway-webhook integration=webhook[0] aggrGroup={}:{} attempts=1 err="Post \"<redacted>\": dial tcp 10.96.1.2:8080: connect: connection refused"
time=2026-10-02T05:39:53.984Z level=DEBUG source=webhook.go:89 msg="extracted group key" integration=webhook group_key={}:{}
time=2026-10-02T05:39:54.461Z level=DEBUG source=webhook.go:89 msg="extracted group key" integration=webhook group_key={}:{}
time=2026-10-02T05:39:55.368Z level=DEBUG source=webhook.go:89 msg="extracted group key" integration=webhook group_key={}:{}
time=2026-10-02T05:39:56.102Z level=DEBUG source=dispatch.go:259 msg="Received alert" component=dispatcher alert=RBACPolicyDenied[bc05418][resolved]
time=2026-10-02T05:39:56.905Z level=DEBUG source=webhook.go:89 msg="extracted group key" integration=webhook group_key={}:{}
time=2026-10-02T05:39:58.492Z level=DEBUG source=webhook.go:89 msg="extracted group key" integration=webhook group_key={}:{}
time=2026-10-02T05:39:59.965Z level=DEBUG source=dispatch.go:259 msg="Received alert" component=dispatcher alert=ContainerOOMKilling[221200a][resolved]
time=2026-10-02T05:40:02.312Z level=DEBUG source=webhook.go:89 msg="extracted group key" integration=webhook group_key={}:{}
time=2026-10-02T05:40:03.321Z level=ERROR source=dispatch.go:589 msg="Notify for alerts failed" component=dispatcher aggrGroup={}:{} num_alerts=9 err="gateway-webhook/webhook[0]: notify retry canceled after 7 attempts: Post \"<redacted>\": dial tcp 10.96.1.2:8080: connect: connection refused"
time=2026-10-02T05:40:03.321Z level=DEBUG source=dispatch.go:934 msg=flushing component=dispatcher aggrGroup={}:{} numAlerts=9 alerts="RBACPolicyDenied: 2, ContainerOOMKilling: 2, KubeDeploymentRolloutStuck: 2, KubePodCrashLooping: 3"
time=2026-10-02T05:40:03.321Z level=DEBUG source=webhook.go:89 msg="extracted group key" integration=webhook group_key={}:{}
time=2026-10-02T05:40:03.326Z level=WARN source=retry_stage.go:165 msg="Notify attempt failed, will retry later" component=dispatcher receiver=gateway-webhook integration=webhook[0] aggrGroup={}:{} attempts=1 err="Post \"<redacted>\": dial tcp 10.96.1.2:8080: connect: connection refused"
time=2026-10-02T05:40:03.870Z level=DEBUG source=webhook.go:89 msg="extracted group key" integration=webhook group_key={}:{}
time=2026-10-02T05:40:04.431Z level=DEBUG source=webhook.go:89 msg="extracted group key" integration=webhook group_key={}:{}
time=2026-10-02T05:40:05.742Z level=DEBUG source=webhook.go:89 msg="extracted group key" integration=webhook group_key={}:{}
time=2026-10-02T05:40:06.800Z level=DEBUG source=webhook.go:89 msg="extracted group key" integration=webhook group_key={}:{}
time=2026-10-02T05:40:08.288Z level=DEBUG source=dispatch.go:259 msg="Received alert" component=dispatcher alert=KubeDeploymentRolloutStuck[df0258e][resolved]
time=2026-10-02T05:40:10.195Z level=DEBUG source=webhook.go:89 msg="extracted group key" integration=webhook group_key={}:{}
time=2026-10-02T05:40:13.322Z level=ERROR source=dispatch.go:589 msg="Notify for alerts failed" component=dispatcher aggrGroup={}:{} num_alerts=9 err="gateway-webhook/webhook[0]: notify retry canceled after 6 attempts: Post \"<redacted>\": dial tcp 10.96.1.2:8080: connect: connection refused"
time=2026-10-02T05:40:13.322Z level=DEBUG source=dispatch.go:934 msg=flushing component=dispatcher aggrGroup={}:{} numAlerts=9 alerts="RBACPolicyDenied: 2, ContainerOOMKilling: 2, KubeDeploymentRolloutStuck: 2, KubePodCrashLooping: 3"
time=2026-10-02T05:40:13.322Z level=DEBUG source=webhook.go:89 msg="extracted group key" integration=webhook group_key={}:{}
time=2026-10-02T05:40:13.330Z level=WARN source=retry_stage.go:165 msg="Notify attempt failed, will retry later" component=dispatcher receiver=gateway-webhook integration=webhook[0] aggrGroup={}:{} attempts=1 err="Post \"<redacted>\": dial tcp 10.96.1.2:8080: connect: connection refused"
time=2026-10-02T05:40:14.019Z level=DEBUG source=webhook.go:89 msg="extracted group key" integration=webhook group_key={}:{}
time=2026-10-02T05:40:15.091Z level=DEBUG source=webhook.go:89 msg="extracted group key" integration=webhook group_key={}:{}
time=2026-10-02T05:40:16.270Z level=DEBUG source=webhook.go:89 msg="extracted group key" integration=webhook group_key={}:{}
time=2026-10-02T05:40:18.261Z level=DEBUG source=webhook.go:89 msg="extracted group key" integration=webhook group_key={}:{}
time=2026-10-02T05:40:19.877Z level=DEBUG source=webhook.go:89 msg="extracted group key" integration=webhook group_key={}:{}
time=2026-10-02T05:40:23.118Z level=DEBUG source=webhook.go:89 msg="extracted group key" integration=webhook group_key={}:{}
time=2026-10-02T05:40:23.324Z level=ERROR source=dispatch.go:589 msg="Notify for alerts failed" component=dispatcher aggrGroup={}:{} num_alerts=9 err="gateway-webhook/webhook[0]: notify retry canceled after 7 attempts: Post \"<redacted>\": dial tcp 10.96.1.2:8080: connect: connection refused"
time=2026-10-02T05:40:23.324Z level=DEBUG source=dispatch.go:934 msg=flushing component=dispatcher aggrGroup={}:{} numAlerts=9 alerts="RBACPolicyDenied: 2, ContainerOOMKilling: 2, KubeDeploymentRolloutStuck: 2, KubePodCrashLooping: 3"
time=2026-10-02T05:40:23.324Z level=DEBUG source=webhook.go:89 msg="extracted group key" integration=webhook group_key={}:{}
time=2026-10-02T05:40:23.329Z level=WARN source=retry_stage.go:165 msg="Notify attempt failed, will retry later" component=dispatcher receiver=gateway-webhook integration=webhook[0] aggrGroup={}:{} attempts=1 err="Post \"<redacted>\": dial tcp 10.96.1.2:8080: connect: connection refused"
time=2026-10-02T05:40:23.747Z level=DEBUG source=webhook.go:89 msg="extracted group key" integration=webhook group_key={}:{}
time=2026-10-02T05:40:24.709Z level=DEBUG source=webhook.go:89 msg="extracted group key" integration=webhook group_key={}:{}
time=2026-10-02T05:40:26.328Z level=DEBUG source=webhook.go:89 msg="extracted group key" integration=webhook group_key={}:{}
time=2026-10-02T05:40:28.672Z level=DEBUG source=webhook.go:89 msg="extracted group key" integration=webhook group_key={}:{}
time=2026-10-02T05:40:29.761Z level=DEBUG source=dispatch.go:259 msg="Received alert" component=dispatcher alert=KubePodCrashLooping[2da7231][active]
time=2026-10-02T05:40:29.761Z level=DEBUG source=dispatch.go:259 msg="Received alert" component=dispatcher alert=KubePodCrashLooping[15a8d71][active]
time=2026-10-02T05:40:29.761Z level=DEBUG source=dispatch.go:259 msg="Received alert" component=dispatcher alert=KubePodCrashLooping[b0bc325][active]
time=2026-10-02T05:40:29.965Z level=DEBUG source=dispatch.go:259 msg="Received alert" component=dispatcher alert=ContainerOOMKilling[93e53ef][active]
time=2026-10-02T05:40:32.303Z level=DEBUG source=webhook.go:89 msg="extracted group key" integration=webhook group_key={}:{}
time=2026-10-02T05:40:33.324Z level=ERROR source=dispatch.go:589 msg="Notify for alerts failed" component=dispatcher aggrGroup={}:{} num_alerts=9 err="gateway-webhook/webhook[0]: notify retry canceled after 6 attempts: Post \"<redacted>\": dial tcp 10.96.1.2:8080: connect: connection refused"
time=2026-10-02T05:40:33.324Z level=DEBUG source=dispatch.go:934 msg=flushing component=dispatcher aggrGroup={}:{} numAlerts=9 alerts="RBACPolicyDenied: 2, ContainerOOMKilling: 2, KubeDeploymentRolloutStuck: 2, KubePodCrashLooping: 3"
time=2026-10-02T05:40:33.324Z level=DEBUG source=webhook.go:89 msg="extracted group key" integration=webhook group_key={}:{}
time=2026-10-02T05:40:33.330Z level=WARN source=retry_stage.go:165 msg="Notify attempt failed, will retry later" component=dispatcher receiver=gateway-webhook integration=webhook[0] aggrGroup={}:{} attempts=1 err="Post \"<redacted>\": dial tcp 10.96.1.2:8080: connect: connection refused"
time=2026-10-02T05:40:33.928Z level=DEBUG source=webhook.go:89 msg="extracted group key" integration=webhook group_key={}:{}
time=2026-10-02T05:40:34.590Z level=DEBUG source=webhook.go:89 msg="extracted group key" integration=webhook group_key={}:{}
time=2026-10-02T05:40:35.775Z level=DEBUG source=webhook.go:89 msg="extracted group key" integration=webhook group_key={}:{}
time=2026-10-02T05:40:37.345Z level=DEBUG source=webhook.go:89 msg="extracted group key" integration=webhook group_key={}:{}
time=2026-10-02T05:40:38.288Z level=DEBUG source=dispatch.go:259 msg="Received alert" component=dispatcher alert=KubeDeploymentRolloutStuck[feb775f][active]
time=2026-10-02T05:40:39.682Z level=DEBUG source=webhook.go:89 msg="extracted group key" integration=webhook group_key={}:{}
time=2026-10-02T05:40:42.427Z level=DEBUG source=webhook.go:89 msg="extracted group key" integration=webhook group_key={}:{}
time=2026-10-02T05:40:43.325Z level=ERROR source=dispatch.go:589 msg="Notify for alerts failed" component=dispatcher aggrGroup={}:{} num_alerts=9 err="gateway-webhook/webhook[0]: notify retry canceled after 7 attempts: Post \"<redacted>\": dial tcp 10.96.1.2:8080: connect: connection refused"
time=2026-10-02T05:40:43.325Z level=DEBUG source=dispatch.go:934 msg=flushing component=dispatcher aggrGroup={}:{} numAlerts=9 alerts="RBACPolicyDenied: 2, ContainerOOMKilling: 2, KubeDeploymentRolloutStuck: 2, KubePodCrashLooping: 3"
time=2026-10-02T05:40:43.325Z level=DEBUG source=webhook.go:89 msg="extracted group key" integration=webhook group_key={}:{}
time=2026-10-02T05:40:44.494Z level=DEBUG source=retry_stage.go:178 msg="Notify success" component=dispatcher receiver=gateway-webhook integration=webhook[0] aggrGroup={}:{} attempts=1 duration=1.168595037s numAlerts=6 alerts="RBACPolicyDenied: 1, ContainerOOMKilling: 1, KubePodCrashLooping: 3, KubeDeploymentRolloutStuck: 1"
time=2026-10-02T05:40:48.325Z level=DEBUG source=dispatch.go:934 msg=flushing component=dispatcher aggrGroup={}:{} numAlerts=6 alerts="RBACPolicyDenied: 1, ContainerOOMKilling: 1, KubePodCrashLooping: 3, KubeDeploymentRolloutStuck: 1"
time=2026-10-02T05:40:53.326Z level=DEBUG source=dispatch.go:934 msg=flushing component=dispatcher aggrGroup={}:{} numAlerts=6 alerts="RBACPolicyDenied: 1, ContainerOOMKilling: 1, KubePodCrashLooping: 3, KubeDeploymentRolloutStuck: 1"
time=2026-10-02T05:40:56.101Z level=DEBUG source=dispatch.go:259 msg="Received alert" component=dispatcher alert=RBACPolicyDenied[9e45a8b][active]
time=2026-10-02T05:40:58.326Z level=DEBUG source=dispatch.go:934 msg=flushing component=dispatcher aggrGroup={}:{} numAlerts=6 alerts="RBACPolicyDenied: 1, ContainerOOMKilling: 1, KubePodCrashLooping: 3, KubeDeploymentRolloutStuck: 1"
time=2026-10-02T05:41:03.327Z level=DEBUG source=dispatch.go:934 msg=flushing component=dispatcher aggrGroup={}:{} numAlerts=6 alerts="RBACPolicyDenied: 1, ContainerOOMKilling: 1, KubePodCrashLooping: 3, KubeDeploymentRolloutStuck: 1"
time=2026-10-02T05:41:08.328Z level=DEBUG source=dispatch.go:934 msg=flushing component=dispatcher aggrGroup={}:{} numAlerts=6 alerts="RBACPolicyDenied: 1, ContainerOOMKilling: 1, KubePodCrashLooping: 3, KubeDeploymentRolloutStuck: 1"
time=2026-10-02T05:41:11.102Z level=DEBUG source=dispatch.go:259 msg="Received alert" component=dispatcher alert=RBACPolicyDenied[bc05418][resolved]
time=2026-10-02T05:41:13.328Z level=DEBUG source=dispatch.go:934 msg=flushing component=dispatcher aggrGroup={}:{} numAlerts=7 alerts="RBACPolicyDenied: 2, ContainerOOMKilling: 1, KubePodCrashLooping: 3, KubeDeploymentRolloutStuck: 1"
time=2026-10-02T05:41:14.966Z level=DEBUG source=dispatch.go:259 msg="Received alert" component=dispatcher alert=ContainerOOMKilling[221200a][resolved]
time=2026-10-02T05:41:18.329Z level=DEBUG source=dispatch.go:934 msg=flushing component=dispatcher aggrGroup={}:{} numAlerts=7 alerts="ContainerOOMKilling: 2, RBACPolicyDenied: 1, KubePodCrashLooping: 3, KubeDeploymentRolloutStuck: 1"
time=2026-10-02T05:41:23.289Z level=DEBUG source=dispatch.go:259 msg="Received alert" component=dispatcher alert=KubeDeploymentRolloutStuck[df0258e][resolved]
time=2026-10-02T05:41:23.330Z level=DEBUG source=dispatch.go:934 msg=flushing component=dispatcher aggrGroup={}:{} numAlerts=7 alerts="KubeDeploymentRolloutStuck: 2, RBACPolicyDenied: 1, ContainerOOMKilling: 1, KubePodCrashLooping: 3"
time=2026-10-02T05:41:28.331Z level=DEBUG source=dispatch.go:934 msg=flushing component=dispatcher aggrGroup={}:{} numAlerts=6 alerts="RBACPolicyDenied: 1, ContainerOOMKilling: 1, KubePodCrashLooping: 3, KubeDeploymentRolloutStuck: 1"
time=2026-10-02T05:41:33.331Z level=DEBUG source=dispatch.go:934 msg=flushing component=dispatcher aggrGroup={}:{} numAlerts=6 alerts="RBACPolicyDenied: 1, ContainerOOMKilling: 1, KubePodCrashLooping: 3, KubeDeploymentRolloutStuck: 1"
time=2026-10-02T05:41:38.332Z level=DEBUG source=dispatch.go:934 msg=flushing component=dispatcher aggrGroup={}:{} numAlerts=6 alerts="RBACPolicyDenied: 1, ContainerOOMKilling: 1, KubePodCrashLooping: 3, KubeDeploymentRolloutStuck: 1"
time=2026-10-02T05:41:43.332Z level=DEBUG source=dispatch.go:934 msg=flushing component=dispatcher aggrGroup={}:{} numAlerts=6 alerts="RBACPolicyDenied: 1, ContainerOOMKilling: 1, KubePodCrashLooping: 3, KubeDeploymentRolloutStuck: 1"
time=2026-10-02T05:41:44.760Z level=DEBUG source=dispatch.go:259 msg="Received alert" component=dispatcher alert=KubePodCrashLooping[b0bc325][active]
time=2026-10-02T05:41:44.760Z level=DEBUG source=dispatch.go:259 msg="Received alert" component=dispatcher alert=KubePodCrashLooping[15a8d71][active]
time=2026-10-02T05:41:44.760Z level=DEBUG source=dispatch.go:259 msg="Received alert" component=dispatcher alert=KubePodCrashLooping[2da7231][active]
time=2026-10-02T05:41:44.966Z level=DEBUG source=dispatch.go:259 msg="Received alert" component=dispatcher alert=ContainerOOMKilling[93e53ef][active]
time=2026-10-02T05:41:48.333Z level=DEBUG source=dispatch.go:934 msg=flushing component=dispatcher aggrGroup={}:{} numAlerts=6 alerts="RBACPolicyDenied: 1, ContainerOOMKilling: 1, KubePodCrashLooping: 3, KubeDeploymentRolloutStuck: 1"
time=2026-10-02T05:41:53.289Z level=DEBUG source=dispatch.go:259 msg="Received alert" component=dispatcher alert=KubeDeploymentRolloutStuck[feb775f][active]
time=2026-10-02T05:41:53.335Z level=DEBUG source=dispatch.go:934 msg=flushing component=dispatcher aggrGroup={}:{} numAlerts=6 alerts="RBACPolicyDenied: 1, ContainerOOMKilling: 1, KubePodCrashLooping: 3, KubeDeploymentRolloutStuck: 1"
time=2026-10-02T05:41:58.335Z level=DEBUG source=dispatch.go:934 msg=flushing component=dispatcher aggrGroup={}:{} numAlerts=6 alerts="RBACPolicyDenied: 1, ContainerOOMKilling: 1, KubePodCrashLooping: 3, KubeDeploymentRolloutStuck: 1"
time=2026-10-02T05:42:03.335Z level=DEBUG source=dispatch.go:934 msg=flushing component=dispatcher aggrGroup={}:{} numAlerts=6 alerts="RBACPolicyDenied: 1, ContainerOOMKilling: 1, KubePodCrashLooping: 3, KubeDeploymentRolloutStuck: 1"
time=2026-10-02T05:42:08.335Z level=DEBUG source=dispatch.go:934 msg=flushing component=dispatcher aggrGroup={}:{} numAlerts=6 alerts="RBACPolicyDenied: 1, ContainerOOMKilling: 1, KubePodCrashLooping: 3, KubeDeploymentRolloutStuck: 1"
time=2026-10-02T05:42:11.102Z level=DEBUG source=dispatch.go:259 msg="Received alert" component=dispatcher alert=RBACPolicyDenied[9e45a8b][active]
time=2026-10-02T05:42:13.336Z level=DEBUG source=dispatch.go:934 msg=flushing component=dispatcher aggrGroup={}:{} numAlerts=6 alerts="RBACPolicyDenied: 1, ContainerOOMKilling: 1, KubePodCrashLooping: 3, KubeDeploymentRolloutStuck: 1"
time=2026-10-02T05:42:18.337Z level=DEBUG source=dispatch.go:934 msg=flushing component=dispatcher aggrGroup={}:{} numAlerts=6 alerts="RBACPolicyDenied: 1, ContainerOOMKilling: 1, KubePodCrashLooping: 3, KubeDeploymentRolloutStuck: 1"
time=2026-10-02T05:42:23.337Z level=DEBUG source=dispatch.go:934 msg=flushing component=dispatcher aggrGroup={}:{} numAlerts=6 alerts="RBACPolicyDenied: 1, ContainerOOMKilling: 1, KubePodCrashLooping: 3, KubeDeploymentRolloutStuck: 1"
time=2026-10-02T05:42:26.102Z level=DEBUG source=dispatch.go:259 msg="Received alert" component=dispatcher alert=RBACPolicyDenied[bc05418][resolved]
time=2026-10-02T05:42:28.338Z level=DEBUG source=dispatch.go:934 msg=flushing component=dispatcher aggrGroup={}:{} numAlerts=7 alerts="RBACPolicyDenied: 2, ContainerOOMKilling: 1, KubePodCrashLooping: 3, KubeDeploymentRolloutStuck: 1"
time=2026-10-02T05:42:29.966Z level=DEBUG source=dispatch.go:259 msg="Received alert" component=dispatcher alert=ContainerOOMKilling[221200a][resolved]
time=2026-10-02T05:42:33.338Z level=DEBUG source=dispatch.go:934 msg=flushing component=dispatcher aggrGroup={}:{} numAlerts=7 alerts="ContainerOOMKilling: 2, RBACPolicyDenied: 1, KubePodCrashLooping: 3, KubeDeploymentRolloutStuck: 1"
time=2026-10-02T05:42:38.288Z level=DEBUG source=dispatch.go:259 msg="Received alert" component=dispatcher alert=KubeDeploymentRolloutStuck[df0258e][resolved]
time=2026-10-02T05:42:38.339Z level=DEBUG source=dispatch.go:934 msg=flushing component=dispatcher aggrGroup={}:{} numAlerts=7 alerts="KubeDeploymentRolloutStuck: 2, RBACPolicyDenied: 1, ContainerOOMKilling: 1, KubePodCrashLooping: 3"
time=2026-10-02T05:42:43.340Z level=DEBUG source=dispatch.go:934 msg=flushing component=dispatcher aggrGroup={}:{} numAlerts=6 alerts="RBACPolicyDenied: 1, ContainerOOMKilling: 1, KubePodCrashLooping: 3, KubeDeploymentRolloutStuck: 1"
time=2026-10-02T05:42:48.340Z level=DEBUG source=dispatch.go:934 msg=flushing component=dispatcher aggrGroup={}:{} numAlerts=6 alerts="RBACPolicyDenied: 1, ContainerOOMKilling: 1, KubePodCrashLooping: 3, KubeDeploymentRolloutStuck: 1"
time=2026-10-02T05:42:53.341Z level=DEBUG source=dispatch.go:934 msg=flushing component=dispatcher aggrGroup={}:{} numAlerts=6 alerts="RBACPolicyDenied: 1, ContainerOOMKilling: 1, KubePodCrashLooping: 3, KubeDeploymentRolloutStuck: 1"
time=2026-10-02T05:42:58.342Z level=DEBUG source=dispatch.go:934 msg=flushing component=dispatcher aggrGroup={}:{} numAlerts=6 alerts="RBACPolicyDenied: 1, ContainerOOMKilling: 1, KubePodCrashLooping: 3, KubeDeploymentRolloutStuck: 1"
time=2026-10-02T05:42:59.760Z level=DEBUG source=dispatch.go:259 msg="Received alert" component=dispatcher alert=KubePodCrashLooping[b0bc325][active]
time=2026-10-02T05:42:59.760Z level=DEBUG source=dispatch.go:259 msg="Received alert" component=dispatcher alert=KubePodCrashLooping[15a8d71][active]
time=2026-10-02T05:42:59.760Z level=DEBUG source=dispatch.go:259 msg="Received alert" component=dispatcher alert=KubePodCrashLooping[2da7231][active]
time=2026-10-02T05:42:59.966Z level=DEBUG source=dispatch.go:259 msg="Received alert" component=dispatcher alert=ContainerOOMKilling[93e53ef][active]
time=2026-10-02T05:43:03.343Z level=DEBUG source=dispatch.go:934 msg=flushing component=dispatcher aggrGroup={}:{} numAlerts=6 alerts="RBACPolicyDenied: 1, ContainerOOMKilling: 1, KubePodCrashLooping: 3, KubeDeploymentRolloutStuck: 1"
time=2026-10-02T05:43:08.288Z level=DEBUG source=dispatch.go:259 msg="Received alert" component=dispatcher alert=KubeDeploymentRolloutStuck[feb775f][active]
time=2026-10-02T05:43:08.343Z level=DEBUG source=dispatch.go:934 msg=flushing component=dispatcher aggrGroup={}:{} numAlerts=6 alerts="RBACPolicyDenied: 1, ContainerOOMKilling: 1, KubePodCrashLooping: 3, KubeDeploymentRolloutStuck: 1"
time=2026-10-02T05:43:13.344Z level=DEBUG source=dispatch.go:934 msg=flushing component=dispatcher aggrGroup={}:{} numAlerts=6 alerts="RBACPolicyDenied: 1, ContainerOOMKilling: 1, KubePodCrashLooping: 3, KubeDeploymentRolloutStuck: 1"
time=2026-10-02T05:43:18.345Z level=DEBUG source=dispatch.go:934 msg=flushing component=dispatcher aggrGroup={}:{} numAlerts=6 alerts="RBACPolicyDenied: 1, ContainerOOMKilling: 1, KubePodCrashLooping: 3, KubeDeploymentRolloutStuck: 1"
time=2026-10-02T05:43:23.345Z level=DEBUG source=dispatch.go:934 msg=flushing component=dispatcher aggrGroup={}:{} numAlerts=6 alerts="RBACPolicyDenied: 1, ContainerOOMKilling: 1, KubePodCrashLooping: 3, KubeDeploymentRolloutStuck: 1"
time=2026-10-02T05:43:26.104Z level=DEBUG source=dispatch.go:259 msg="Received alert" component=dispatcher alert=RBACPolicyDenied[9e45a8b][active]
time=2026-10-02T05:43:28.346Z level=DEBUG source=dispatch.go:934 msg=flushing component=dispatcher aggrGroup={}:{} numAlerts=6 alerts="RBACPolicyDenied: 1, ContainerOOMKilling: 1, KubePodCrashLooping: 3, KubeDeploymentRolloutStuck: 1"
time=2026-10-02T05:43:33.347Z level=DEBUG source=dispatch.go:934 msg=flushing component=dispatcher aggrGroup={}:{} numAlerts=6 alerts="RBACPolicyDenied: 1, ContainerOOMKilling: 1, KubePodCrashLooping: 3, KubeDeploymentRolloutStuck: 1"
time=2026-10-02T05:43:38.347Z level=DEBUG source=dispatch.go:934 msg=flushing component=dispatcher aggrGroup={}:{} numAlerts=6 alerts="RBACPolicyDenied: 1, ContainerOOMKilling: 1, KubePodCrashLooping: 3, KubeDeploymentRolloutStuck: 1"
time=2026-10-02T05:43:41.102Z level=DEBUG source=dispatch.go:259 msg="Received alert" component=dispatcher alert=RBACPolicyDenied[bc05418][resolved]
time=2026-10-02T05:43:43.348Z level=DEBUG source=dispatch.go:934 msg=flushing component=dispatcher aggrGroup={}:{} numAlerts=7 alerts="RBACPolicyDenied: 2, ContainerOOMKilling: 1, KubePodCrashLooping: 3, KubeDeploymentRolloutStuck: 1"
time=2026-10-02T05:43:44.965Z level=DEBUG source=dispatch.go:259 msg="Received alert" component=dispatcher alert=ContainerOOMKilling[221200a][resolved]
time=2026-10-02T05:43:48.348Z level=DEBUG source=dispatch.go:934 msg=flushing component=dispatcher aggrGroup={}:{} numAlerts=7 alerts="ContainerOOMKilling: 2, RBACPolicyDenied: 1, KubePodCrashLooping: 3, KubeDeploymentRolloutStuck: 1"
time=2026-10-02T05:43:53.288Z level=DEBUG source=dispatch.go:259 msg="Received alert" component=dispatcher alert=KubeDeploymentRolloutStuck[df0258e][resolved]
time=2026-10-02T05:43:53.349Z level=DEBUG source=dispatch.go:934 msg=flushing component=dispatcher aggrGroup={}:{} numAlerts=7 alerts="KubeDeploymentRolloutStuck: 2, RBACPolicyDenied: 1, ContainerOOMKilling: 1, KubePodCrashLooping: 3"
time=2026-10-02T05:43:58.350Z level=DEBUG source=dispatch.go:934 msg=flushing component=dispatcher aggrGroup={}:{} numAlerts=6 alerts="RBACPolicyDenied: 1, ContainerOOMKilling: 1, KubePodCrashLooping: 3, KubeDeploymentRolloutStuck: 1"
time=2026-10-02T05:44:03.351Z level=DEBUG source=dispatch.go:934 msg=flushing component=dispatcher aggrGroup={}:{} numAlerts=6 alerts="RBACPolicyDenied: 1, ContainerOOMKilling: 1, KubePodCrashLooping: 3, KubeDeploymentRolloutStuck: 1"
time=2026-10-02T05:44:08.351Z level=DEBUG source=dispatch.go:934 msg=flushing component=dispatcher aggrGroup={}:{} numAlerts=6 alerts="RBACPolicyDenied: 1, ContainerOOMKilling: 1, KubePodCrashLooping: 3, KubeDeploymentRolloutStuck: 1"
time=2026-10-02T05:44:13.352Z level=DEBUG source=dispatch.go:934 msg=flushing component=dispatcher aggrGroup={}:{} numAlerts=6 alerts="RBACPolicyDenied: 1, ContainerOOMKilling: 1, KubePodCrashLooping: 3, KubeDeploymentRolloutStuck: 1"
time=2026-10-02T05:44:14.758Z level=DEBUG source=dispatch.go:259 msg="Received alert" component=dispatcher alert=KubePodCrashLooping[b0bc325][active]
time=2026-10-02T05:44:14.758Z level=DEBUG source=dispatch.go:259 msg="Received alert" component=dispatcher alert=KubePodCrashLooping[15a8d71][active]
time=2026-10-02T05:44:14.758Z level=DEBUG source=dispatch.go:259 msg="Received alert" component=dispatcher alert=KubePodCrashLooping[2da7231][active]
time=2026-10-02T05:44:14.965Z level=DEBUG source=dispatch.go:259 msg="Received alert" component=dispatcher alert=ContainerOOMKilling[93e53ef][active]
time=2026-10-02T05:44:18.353Z level=DEBUG source=dispatch.go:934 msg=flushing component=dispatcher aggrGroup={}:{} numAlerts=6 alerts="RBACPolicyDenied: 1, ContainerOOMKilling: 1, KubePodCrashLooping: 3, KubeDeploymentRolloutStuck: 1"
time=2026-10-02T05:44:23.289Z level=DEBUG source=dispatch.go:259 msg="Received alert" component=dispatcher alert=KubeDeploymentRolloutStuck[feb775f][active]
time=2026-10-02T05:44:23.354Z level=DEBUG source=dispatch.go:934 msg=flushing component=dispatcher aggrGroup={}:{} numAlerts=6 alerts="RBACPolicyDenied: 1, ContainerOOMKilling: 1, KubePodCrashLooping: 3, KubeDeploymentRolloutStuck: 1"
time=2026-10-02T05:44:28.355Z level=DEBUG source=dispatch.go:934 msg=flushing component=dispatcher aggrGroup={}:{} numAlerts=6 alerts="RBACPolicyDenied: 1, ContainerOOMKilling: 1, KubePodCrashLooping: 3, KubeDeploymentRolloutStuck: 1"
time=2026-10-02T05:44:33.356Z level=DEBUG source=dispatch.go:934 msg=flushing component=dispatcher aggrGroup={}:{} numAlerts=6 alerts="RBACPolicyDenied: 1, ContainerOOMKilling: 1, KubePodCrashLooping: 3, KubeDeploymentRolloutStuck: 1"
time=2026-10-02T05:44:38.357Z level=DEBUG source=dispatch.go:934 msg=flushing component=dispatcher aggrGroup={}:{} numAlerts=6 alerts="RBACPolicyDenied: 1, ContainerOOMKilling: 1, KubePodCrashLooping: 3, KubeDeploymentRolloutStuck: 1"
time=2026-10-02T05:44:41.101Z level=DEBUG source=dispatch.go:259 msg="Received alert" component=dispatcher alert=RBACPolicyDenied[9e45a8b][active]
time=2026-10-02T05:44:43.358Z level=DEBUG source=dispatch.go:934 msg=flushing component=dispatcher aggrGroup={}:{} numAlerts=6 alerts="RBACPolicyDenied: 1, ContainerOOMKilling: 1, KubePodCrashLooping: 3, KubeDeploymentRolloutStuck: 1"
time=2026-10-02T05:44:48.359Z level=DEBUG source=dispatch.go:934 msg=flushing component=dispatcher aggrGroup={}:{} numAlerts=6 alerts="RBACPolicyDenied: 1, ContainerOOMKilling: 1, KubePodCrashLooping: 3, KubeDeploymentRolloutStuck: 1"
time=2026-10-02T05:44:53.359Z level=DEBUG source=dispatch.go:934 msg=flushing component=dispatcher aggrGroup={}:{} numAlerts=6 alerts="RBACPolicyDenied: 1, ContainerOOMKilling: 1, KubePodCrashLooping: 3, KubeDeploymentRolloutStuck: 1"
time=2026-10-02T05:44:56.103Z level=DEBUG source=dispatch.go:259 msg="Received alert" component=dispatcher alert=RBACPolicyDenied[bc05418][resolved]
time=2026-10-02T05:44:58.360Z level=DEBUG source=dispatch.go:934 msg=flushing component=dispatcher aggrGroup={}:{} numAlerts=7 alerts="RBACPolicyDenied: 2, ContainerOOMKilling: 1, KubePodCrashLooping: 3, KubeDeploymentRolloutStuck: 1"
time=2026-10-02T05:44:59.966Z level=DEBUG source=dispatch.go:259 msg="Received alert" component=dispatcher alert=ContainerOOMKilling[221200a][resolved]
time=2026-10-02T05:45:03.360Z level=DEBUG source=dispatch.go:934 msg=flushing component=dispatcher aggrGroup={}:{} numAlerts=7 alerts="ContainerOOMKilling: 2, RBACPolicyDenied: 1, KubePodCrashLooping: 3, KubeDeploymentRolloutStuck: 1"
time=2026-10-02T05:45:08.288Z level=DEBUG source=dispatch.go:259 msg="Received alert" component=dispatcher alert=KubeDeploymentRolloutStuck[df0258e][resolved]
time=2026-10-02T05:45:08.361Z level=DEBUG source=dispatch.go:934 msg=flushing component=dispatcher aggrGroup={}:{} numAlerts=7 alerts="KubeDeploymentRolloutStuck: 2, RBACPolicyDenied: 1, ContainerOOMKilling: 1, KubePodCrashLooping: 3"
time=2026-10-02T05:45:13.362Z level=DEBUG source=dispatch.go:934 msg=flushing component=dispatcher aggrGroup={}:{} numAlerts=6 alerts="RBACPolicyDenied: 1, ContainerOOMKilling: 1, KubePodCrashLooping: 3, KubeDeploymentRolloutStuck: 1"
time=2026-10-02T05:45:18.362Z level=DEBUG source=dispatch.go:934 msg=flushing component=dispatcher aggrGroup={}:{} numAlerts=6 alerts="RBACPolicyDenied: 1, ContainerOOMKilling: 1, KubePodCrashLooping: 3, KubeDeploymentRolloutStuck: 1"
time=2026-10-02T05:45:23.363Z level=DEBUG source=dispatch.go:934 msg=flushing component=dispatcher aggrGroup={}:{} numAlerts=6 alerts="RBACPolicyDenied: 1, ContainerOOMKilling: 1, KubePodCrashLooping: 3, KubeDeploymentRolloutStuck: 1"
time=2026-10-02T05:45:28.364Z level=DEBUG source=dispatch.go:934 msg=flushing component=dispatcher aggrGroup={}:{} numAlerts=6 alerts="RBACPolicyDenied: 1, ContainerOOMKilling: 1, KubePodCrashLooping: 3, KubeDeploymentRolloutStuck: 1"
time=2026-10-02T05:45:29.761Z level=DEBUG source=dispatch.go:259 msg="Received alert" component=dispatcher alert=KubePodCrashLooping[b0bc325][active]
time=2026-10-02T05:45:29.761Z level=DEBUG source=dispatch.go:259 msg="Received alert" component=dispatcher alert=KubePodCrashLooping[15a8d71][active]
time=2026-10-02T05:45:29.761Z level=DEBUG source=dispatch.go:259 msg="Received alert" component=dispatcher alert=KubePodCrashLooping[2da7231][active]
time=2026-10-02T05:45:29.966Z level=DEBUG source=dispatch.go:259 msg="Received alert" component=dispatcher alert=ContainerOOMKilling[93e53ef][active]
time=2026-10-02T05:45:33.365Z level=DEBUG source=dispatch.go:934 msg=flushing component=dispatcher aggrGroup={}:{} numAlerts=6 alerts="RBACPolicyDenied: 1, ContainerOOMKilling: 1, KubePodCrashLooping: 3, KubeDeploymentRolloutStuck: 1"
time=2026-10-02T05:45:38.289Z level=DEBUG source=dispatch.go:259 msg="Received alert" component=dispatcher alert=KubeDeploymentRolloutStuck[feb775f][active]
time=2026-10-02T05:45:38.366Z level=DEBUG source=dispatch.go:934 msg=flushing component=dispatcher aggrGroup={}:{} numAlerts=6 alerts="RBACPolicyDenied: 1, ContainerOOMKilling: 1, KubePodCrashLooping: 3, KubeDeploymentRolloutStuck: 1"
time=2026-10-02T05:45:43.367Z level=DEBUG source=dispatch.go:934 msg=flushing component=dispatcher aggrGroup={}:{} numAlerts=6 alerts="RBACPolicyDenied: 1, ContainerOOMKilling: 1, KubePodCrashLooping: 3, KubeDeploymentRolloutStuck: 1"
time=2026-10-02T05:45:48.368Z level=DEBUG source=dispatch.go:934 msg=flushing component=dispatcher aggrGroup={}:{} numAlerts=6 alerts="RBACPolicyDenied: 1, ContainerOOMKilling: 1, KubePodCrashLooping: 3, KubeDeploymentRolloutStuck: 1"
time=2026-10-02T05:45:53.369Z level=DEBUG source=dispatch.go:934 msg=flushing component=dispatcher aggrGroup={}:{} numAlerts=6 alerts="RBACPolicyDenied: 1, ContainerOOMKilling: 1, KubePodCrashLooping: 3, KubeDeploymentRolloutStuck: 1"
time=2026-10-02T05:45:56.102Z level=DEBUG source=dispatch.go:259 msg="Received alert" component=dispatcher alert=RBACPolicyDenied[9e45a8b][active]
time=2026-10-02T05:45:58.369Z level=DEBUG source=dispatch.go:934 msg=flushing component=dispatcher aggrGroup={}:{} numAlerts=6 alerts="RBACPolicyDenied: 1, ContainerOOMKilling: 1, KubePodCrashLooping: 3, KubeDeploymentRolloutStuck: 1"
time=2026-10-02T05:46:03.370Z level=DEBUG source=dispatch.go:934 msg=flushing component=dispatcher aggrGroup={}:{} numAlerts=6 alerts="RBACPolicyDenied: 1, ContainerOOMKilling: 1, KubePodCrashLooping: 3, KubeDeploymentRolloutStuck: 1"
time=2026-10-02T05:46:08.371Z level=DEBUG source=dispatch.go:934 msg=flushing component=dispatcher aggrGroup={}:{} numAlerts=6 alerts="RBACPolicyDenied: 1, ContainerOOMKilling: 1, KubePodCrashLooping: 3, KubeDeploymentRolloutStuck: 1"
time=2026-10-02T05:46:11.101Z level=DEBUG source=dispatch.go:259 msg="Received alert" component=dispatcher alert=RBACPolicyDenied[bc05418][resolved]
time=2026-10-02T05:46:13.372Z level=DEBUG source=dispatch.go:934 msg=flushing component=dispatcher aggrGroup={}:{} numAlerts=7 alerts="RBACPolicyDenied: 2, ContainerOOMKilling: 1, KubePodCrashLooping: 3, KubeDeploymentRolloutStuck: 1"
time=2026-10-02T05:46:14.967Z level=DEBUG source=dispatch.go:259 msg="Received alert" component=dispatcher alert=ContainerOOMKilling[221200a][resolved]
time=2026-10-02T05:46:18.372Z level=DEBUG source=dispatch.go:934 msg=flushing component=dispatcher aggrGroup={}:{} numAlerts=7 alerts="ContainerOOMKilling: 2, RBACPolicyDenied: 1, KubePodCrashLooping: 3, KubeDeploymentRolloutStuck: 1"
time=2026-10-02T05:46:23.290Z level=DEBUG source=dispatch.go:259 msg="Received alert" component=dispatcher alert=KubeDeploymentRolloutStuck[df0258e][resolved]
time=2026-10-02T05:46:23.374Z level=DEBUG source=dispatch.go:934 msg=flushing component=dispatcher aggrGroup={}:{} numAlerts=7 alerts="KubeDeploymentRolloutStuck: 2, RBACPolicyDenied: 1, ContainerOOMKilling: 1, KubePodCrashLooping: 3"
time=2026-10-02T05:46:28.374Z level=DEBUG source=dispatch.go:934 msg=flushing component=dispatcher aggrGroup={}:{} numAlerts=6 alerts="RBACPolicyDenied: 1, ContainerOOMKilling: 1, KubePodCrashLooping: 3, KubeDeploymentRolloutStuck: 1"
time=2026-10-02T05:46:33.375Z level=DEBUG source=dispatch.go:934 msg=flushing component=dispatcher aggrGroup={}:{} numAlerts=6 alerts="RBACPolicyDenied: 1, ContainerOOMKilling: 1, KubePodCrashLooping: 3, KubeDeploymentRolloutStuck: 1"
time=2026-10-02T05:46:38.375Z level=DEBUG source=dispatch.go:934 msg=flushing component=dispatcher aggrGroup={}:{} numAlerts=6 alerts="RBACPolicyDenied: 1, ContainerOOMKilling: 1, KubePodCrashLooping: 3, KubeDeploymentRolloutStuck: 1"
time=2026-10-02T05:46:43.375Z level=DEBUG source=dispatch.go:934 msg=flushing component=dispatcher aggrGroup={}:{} numAlerts=6 alerts="RBACPolicyDenied: 1, ContainerOOMKilling: 1, KubePodCrashLooping: 3, KubeDeploymentRolloutStuck: 1"
time=2026-10-02T05:46:44.760Z level=DEBUG source=dispatch.go:259 msg="Received alert" component=dispatcher alert=KubePodCrashLooping[b0bc325][active]
time=2026-10-02T05:46:44.760Z level=DEBUG source=dispatch.go:259 msg="Received alert" component=dispatcher alert=KubePodCrashLooping[15a8d71][active]
time=2026-10-02T05:46:44.760Z level=DEBUG source=dispatch.go:259 msg="Received alert" component=dispatcher alert=KubePodCrashLooping[2da7231][active]
time=2026-10-02T05:46:44.966Z level=DEBUG source=dispatch.go:259 msg="Received alert" component=dispatcher alert=ContainerOOMKilling[93e53ef][active]
time=2026-10-02T05:46:48.376Z level=DEBUG source=dispatch.go:934 msg=flushing component=dispatcher aggrGroup={}:{} numAlerts=6 alerts="RBACPolicyDenied: 1, ContainerOOMKilling: 1, KubePodCrashLooping: 3, KubeDeploymentRolloutStuck: 1"
time=2026-10-02T05:46:53.288Z level=DEBUG source=dispatch.go:259 msg="Received alert" component=dispatcher alert=KubeDeploymentRolloutStuck[feb775f][active]
time=2026-10-02T05:46:53.377Z level=DEBUG source=dispatch.go:934 msg=flushing component=dispatcher aggrGroup={}:{} numAlerts=6 alerts="RBACPolicyDenied: 1, ContainerOOMKilling: 1, KubePodCrashLooping: 3, KubeDeploymentRolloutStuck: 1"
time=2026-10-02T05:46:58.378Z level=DEBUG source=dispatch.go:934 msg=flushing component=dispatcher aggrGroup={}:{} numAlerts=6 alerts="RBACPolicyDenied: 1, ContainerOOMKilling: 1, KubePodCrashLooping: 3, KubeDeploymentRolloutStuck: 1"
time=2026-10-02T05:47:03.379Z level=DEBUG source=dispatch.go:934 msg=flushing component=dispatcher aggrGroup={}:{} numAlerts=6 alerts="RBACPolicyDenied: 1, ContainerOOMKilling: 1, KubePodCrashLooping: 3, KubeDeploymentRolloutStuck: 1"
time=2026-10-02T05:47:08.380Z level=DEBUG source=dispatch.go:934 msg=flushing component=dispatcher aggrGroup={}:{} numAlerts=6 alerts="RBACPolicyDenied: 1, ContainerOOMKilling: 1, KubePodCrashLooping: 3, KubeDeploymentRolloutStuck: 1"
time=2026-10-02T05:47:11.102Z level=DEBUG source=dispatch.go:259 msg="Received alert" component=dispatcher alert=RBACPolicyDenied[9e45a8b][active]
time=2026-10-02T05:47:13.381Z level=DEBUG source=dispatch.go:934 msg=flushing component=dispatcher aggrGroup={}:{} numAlerts=6 alerts="RBACPolicyDenied: 1, ContainerOOMKilling: 1, KubePodCrashLooping: 3, KubeDeploymentRolloutStuck: 1"
time=2026-10-02T05:47:18.382Z level=DEBUG source=dispatch.go:934 msg=flushing component=dispatcher aggrGroup={}:{} numAlerts=6 alerts="RBACPolicyDenied: 1, ContainerOOMKilling: 1, KubePodCrashLooping: 3, KubeDeploymentRolloutStuck: 1"
time=2026-10-02T05:47:23.382Z level=DEBUG source=dispatch.go:934 msg=flushing component=dispatcher aggrGroup={}:{} numAlerts=6 alerts="RBACPolicyDenied: 1, ContainerOOMKilling: 1, KubePodCrashLooping: 3, KubeDeploymentRolloutStuck: 1"
time=2026-10-02T05:47:26.101Z level=DEBUG source=dispatch.go:259 msg="Received alert" component=dispatcher alert=RBACPolicyDenied[bc05418][resolved]
time=2026-10-02T05:47:28.382Z level=DEBUG source=dispatch.go:934 msg=flushing component=dispatcher aggrGroup={}:{} numAlerts=7 alerts="RBACPolicyDenied: 2, ContainerOOMKilling: 1, KubePodCrashLooping: 3, KubeDeploymentRolloutStuck: 1"
time=2026-10-02T05:47:29.966Z level=DEBUG source=dispatch.go:259 msg="Received alert" component=dispatcher alert=ContainerOOMKilling[221200a][resolved]
time=2026-10-02T05:47:33.383Z level=DEBUG source=dispatch.go:934 msg=flushing component=dispatcher aggrGroup={}:{} numAlerts=7 alerts="ContainerOOMKilling: 2, RBACPolicyDenied: 1, KubePodCrashLooping: 3, KubeDeploymentRolloutStuck: 1"
time=2026-10-02T05:47:38.288Z level=DEBUG source=dispatch.go:259 msg="Received alert" component=dispatcher alert=KubeDeploymentRolloutStuck[df0258e][resolved]
time=2026-10-02T05:47:38.384Z level=DEBUG source=dispatch.go:934 msg=flushing component=dispatcher aggrGroup={}:{} numAlerts=7 alerts="KubeDeploymentRolloutStuck: 2, RBACPolicyDenied: 1, ContainerOOMKilling: 1, KubePodCrashLooping: 3"
time=2026-10-02T05:47:43.384Z level=DEBUG source=dispatch.go:934 msg=flushing component=dispatcher aggrGroup={}:{} numAlerts=6 alerts="RBACPolicyDenied: 1, ContainerOOMKilling: 1, KubePodCrashLooping: 3, KubeDeploymentRolloutStuck: 1"
time=2026-10-02T05:47:48.385Z level=DEBUG source=dispatch.go:934 msg=flushing component=dispatcher aggrGroup={}:{} numAlerts=6 alerts="RBACPolicyDenied: 1, ContainerOOMKilling: 1, KubePodCrashLooping: 3, KubeDeploymentRolloutStuck: 1"
time=2026-10-02T05:47:53.386Z level=DEBUG source=dispatch.go:934 msg=flushing component=dispatcher aggrGroup={}:{} numAlerts=6 alerts="RBACPolicyDenied: 1, ContainerOOMKilling: 1, KubePodCrashLooping: 3, KubeDeploymentRolloutStuck: 1"
time=2026-10-02T05:47:58.387Z level=DEBUG source=dispatch.go:934 msg=flushing component=dispatcher aggrGroup={}:{} numAlerts=6 alerts="RBACPolicyDenied: 1, ContainerOOMKilling: 1, KubePodCrashLooping: 3, KubeDeploymentRolloutStuck: 1"
time=2026-10-02T05:47:59.759Z level=DEBUG source=dispatch.go:259 msg="Received alert" component=dispatcher alert=KubePodCrashLooping[2da7231][active]
time=2026-10-02T05:47:59.759Z level=DEBUG source=dispatch.go:259 msg="Received alert" component=dispatcher alert=KubePodCrashLooping[15a8d71][active]
time=2026-10-02T05:47:59.759Z level=DEBUG source=dispatch.go:259 msg="Received alert" component=dispatcher alert=KubePodCrashLooping[b0bc325][active]
time=2026-10-02T05:47:59.965Z level=DEBUG source=dispatch.go:259 msg="Received alert" component=dispatcher alert=ContainerOOMKilling[93e53ef][active]
time=2026-10-02T05:48:03.388Z level=DEBUG source=dispatch.go:934 msg=flushing component=dispatcher aggrGroup={}:{} numAlerts=6 alerts="RBACPolicyDenied: 1, ContainerOOMKilling: 1, KubePodCrashLooping: 3, KubeDeploymentRolloutStuck: 1"
time=2026-10-02T05:48:08.288Z level=DEBUG source=dispatch.go:259 msg="Received alert" component=dispatcher alert=KubeDeploymentRolloutStuck[feb775f][active]
time=2026-10-02T05:48:08.389Z level=DEBUG source=dispatch.go:934 msg=flushing component=dispatcher aggrGroup={}:{} numAlerts=6 alerts="RBACPolicyDenied: 1, ContainerOOMKilling: 1, KubePodCrashLooping: 3, KubeDeploymentRolloutStuck: 1"
time=2026-10-02T05:48:13.389Z level=DEBUG source=dispatch.go:934 msg=flushing component=dispatcher aggrGroup={}:{} numAlerts=6 alerts="RBACPolicyDenied: 1, ContainerOOMKilling: 1, KubePodCrashLooping: 3, KubeDeploymentRolloutStuck: 1"
time=2026-10-02T05:48:18.389Z level=DEBUG source=dispatch.go:934 msg=flushing component=dispatcher aggrGroup={}:{} numAlerts=6 alerts="RBACPolicyDenied: 1, ContainerOOMKilling: 1, KubePodCrashLooping: 3, KubeDeploymentRolloutStuck: 1"
time=2026-10-02T05:48:23.389Z level=DEBUG source=dispatch.go:934 msg=flushing component=dispatcher aggrGroup={}:{} numAlerts=6 alerts="RBACPolicyDenied: 1, ContainerOOMKilling: 1, KubePodCrashLooping: 3, KubeDeploymentRolloutStuck: 1"
time=2026-10-02T05:48:26.101Z level=DEBUG source=dispatch.go:259 msg="Received alert" component=dispatcher alert=RBACPolicyDenied[9e45a8b][active]
time=2026-10-02T05:48:28.390Z level=DEBUG source=dispatch.go:934 msg=flushing component=dispatcher aggrGroup={}:{} numAlerts=6 alerts="RBACPolicyDenied: 1, ContainerOOMKilling: 1, KubePodCrashLooping: 3, KubeDeploymentRolloutStuck: 1"
time=2026-10-02T05:48:33.391Z level=DEBUG source=dispatch.go:934 msg=flushing component=dispatcher aggrGroup={}:{} numAlerts=6 alerts="RBACPolicyDenied: 1, ContainerOOMKilling: 1, KubePodCrashLooping: 3, KubeDeploymentRolloutStuck: 1"
time=2026-10-02T05:48:38.392Z level=DEBUG source=dispatch.go:934 msg=flushing component=dispatcher aggrGroup={}:{} numAlerts=6 alerts="RBACPolicyDenied: 1, ContainerOOMKilling: 1, KubePodCrashLooping: 3, KubeDeploymentRolloutStuck: 1"
time=2026-10-02T05:48:41.101Z level=DEBUG source=dispatch.go:259 msg="Received alert" component=dispatcher alert=RBACPolicyDenied[bc05418][resolved]
time=2026-10-02T05:48:43.392Z level=DEBUG source=dispatch.go:934 msg=flushing component=dispatcher aggrGroup={}:{} numAlerts=7 alerts="RBACPolicyDenied: 2, ContainerOOMKilling: 1, KubePodCrashLooping: 3, KubeDeploymentRolloutStuck: 1"
time=2026-10-02T05:48:44.966Z level=DEBUG source=dispatch.go:259 msg="Received alert" component=dispatcher alert=ContainerOOMKilling[221200a][resolved]
time=2026-10-02T05:48:48.393Z level=DEBUG source=dispatch.go:934 msg=flushing component=dispatcher aggrGroup={}:{} numAlerts=7 alerts="ContainerOOMKilling: 2, RBACPolicyDenied: 1, KubePodCrashLooping: 3, KubeDeploymentRolloutStuck: 1"
time=2026-10-02T05:48:53.288Z level=DEBUG source=dispatch.go:259 msg="Received alert" component=dispatcher alert=KubeDeploymentRolloutStuck[df0258e][resolved]
time=2026-10-02T05:48:53.394Z level=DEBUG source=dispatch.go:934 msg=flushing component=dispatcher aggrGroup={}:{} numAlerts=7 alerts="KubeDeploymentRolloutStuck: 2, RBACPolicyDenied: 1, ContainerOOMKilling: 1, KubePodCrashLooping: 3"
time=2026-10-02T05:48:58.394Z level=DEBUG source=dispatch.go:934 msg=flushing component=dispatcher aggrGroup={}:{} numAlerts=6 alerts="RBACPolicyDenied: 1, ContainerOOMKilling: 1, KubePodCrashLooping: 3, KubeDeploymentRolloutStuck: 1"
time=2026-10-02T05:49:03.394Z level=DEBUG source=dispatch.go:934 msg=flushing component=dispatcher aggrGroup={}:{} numAlerts=6 alerts="RBACPolicyDenied: 1, ContainerOOMKilling: 1, KubePodCrashLooping: 3, KubeDeploymentRolloutStuck: 1"
time=2026-10-02T05:49:08.395Z level=DEBUG source=dispatch.go:934 msg=flushing component=dispatcher aggrGroup={}:{} numAlerts=6 alerts="RBACPolicyDenied: 1, ContainerOOMKilling: 1, KubePodCrashLooping: 3, KubeDeploymentRolloutStuck: 1"
time=2026-10-02T05:49:13.396Z level=DEBUG source=dispatch.go:934 msg=flushing component=dispatcher aggrGroup={}:{} numAlerts=6 alerts="RBACPolicyDenied: 1, ContainerOOMKilling: 1, KubePodCrashLooping: 3, KubeDeploymentRolloutStuck: 1"
time=2026-10-02T05:49:14.758Z level=DEBUG source=dispatch.go:259 msg="Received alert" component=dispatcher alert=KubePodCrashLooping[b0bc325][active]
time=2026-10-02T05:49:14.758Z level=DEBUG source=dispatch.go:259 msg="Received alert" component=dispatcher alert=KubePodCrashLooping[15a8d71][active]
time=2026-10-02T05:49:14.758Z level=DEBUG source=dispatch.go:259 msg="Received alert" component=dispatcher alert=KubePodCrashLooping[2da7231][active]
time=2026-10-02T05:49:14.965Z level=DEBUG source=dispatch.go:259 msg="Received alert" component=dispatcher alert=ContainerOOMKilling[93e53ef][active]
time=2026-10-02T05:49:18.396Z level=DEBUG source=dispatch.go:934 msg=flushing component=dispatcher aggrGroup={}:{} numAlerts=6 alerts="RBACPolicyDenied: 1, ContainerOOMKilling: 1, KubePodCrashLooping: 3, KubeDeploymentRolloutStuck: 1"
time=2026-10-02T05:49:23.289Z level=DEBUG source=dispatch.go:259 msg="Received alert" component=dispatcher alert=KubeDeploymentRolloutStuck[feb775f][active]
time=2026-10-02T05:49:23.397Z level=DEBUG source=dispatch.go:934 msg=flushing component=dispatcher aggrGroup={}:{} numAlerts=6 alerts="RBACPolicyDenied: 1, ContainerOOMKilling: 1, KubePodCrashLooping: 3, KubeDeploymentRolloutStuck: 1"
time=2026-10-02T05:49:28.397Z level=DEBUG source=dispatch.go:934 msg=flushing component=dispatcher aggrGroup={}:{} numAlerts=6 alerts="RBACPolicyDenied: 1, ContainerOOMKilling: 1, KubePodCrashLooping: 3, KubeDeploymentRolloutStuck: 1"
time=2026-10-02T05:49:32.978Z level=DEBUG source=silence.go:621 msg="Running maintenance" component=silences
time=2026-10-02T05:49:32.978Z level=DEBUG source=nflog.go:422 msg="Running maintenance" component=nflog
time=2026-10-02T05:49:32.979Z level=DEBUG source=silence.go:629 msg="Maintenance done" component=silences duration=862.591µs size=0
time=2026-10-02T05:49:32.979Z level=DEBUG source=nflog.go:429 msg="Maintenance done" component=nflog duration=1.214636ms size=156
time=2026-10-02T05:49:33.398Z level=DEBUG source=dispatch.go:934 msg=flushing component=dispatcher aggrGroup={}:{} numAlerts=6 alerts="RBACPolicyDenied: 1, ContainerOOMKilling: 1, KubePodCrashLooping: 3, KubeDeploymentRolloutStuck: 1"
time=2026-10-02T05:49:38.398Z level=DEBUG source=dispatch.go:934 msg=flushing component=dispatcher aggrGroup={}:{} numAlerts=6 alerts="RBACPolicyDenied: 1, ContainerOOMKilling: 1, KubePodCrashLooping: 3, KubeDeploymentRolloutStuck: 1"
time=2026-10-02T05:49:41.101Z level=DEBUG source=dispatch.go:259 msg="Received alert" component=dispatcher alert=RBACPolicyDenied[9e45a8b][active]
time=2026-10-02T05:49:43.398Z level=DEBUG source=dispatch.go:934 msg=flushing component=dispatcher aggrGroup={}:{} numAlerts=6 alerts="RBACPolicyDenied: 1, ContainerOOMKilling: 1, KubePodCrashLooping: 3, KubeDeploymentRolloutStuck: 1"
time=2026-10-02T05:49:48.399Z level=DEBUG source=dispatch.go:934 msg=flushing component=dispatcher aggrGroup={}:{} numAlerts=6 alerts="RBACPolicyDenied: 1, ContainerOOMKilling: 1, KubePodCrashLooping: 3, KubeDeploymentRolloutStuck: 1"
time=2026-10-02T05:49:53.400Z level=DEBUG source=dispatch.go:934 msg=flushing component=dispatcher aggrGroup={}:{} numAlerts=6 alerts="RBACPolicyDenied: 1, ContainerOOMKilling: 1, KubePodCrashLooping: 3, KubeDeploymentRolloutStuck: 1"
time=2026-10-02T05:49:56.103Z level=DEBUG source=dispatch.go:259 msg="Received alert" component=dispatcher alert=RBACPolicyDenied[bc05418][resolved]
time=2026-10-02T05:49:58.400Z level=DEBUG source=dispatch.go:934 msg=flushing component=dispatcher aggrGroup={}:{} numAlerts=7 alerts="RBACPolicyDenied: 2, ContainerOOMKilling: 1, KubePodCrashLooping: 3, KubeDeploymentRolloutStuck: 1"
time=2026-10-02T05:49:59.965Z level=DEBUG source=dispatch.go:259 msg="Received alert" component=dispatcher alert=ContainerOOMKilling[221200a][resolved]
time=2026-10-02T05:50:03.400Z level=DEBUG source=dispatch.go:934 msg=flushing component=dispatcher aggrGroup={}:{} numAlerts=7 alerts="ContainerOOMKilling: 2, RBACPolicyDenied: 1, KubePodCrashLooping: 3, KubeDeploymentRolloutStuck: 1"
time=2026-10-02T05:50:08.288Z level=DEBUG source=dispatch.go:259 msg="Received alert" component=dispatcher alert=KubeDeploymentRolloutStuck[df0258e][resolved]
time=2026-10-02T05:50:08.401Z level=DEBUG source=dispatch.go:934 msg=flushing component=dispatcher aggrGroup={}:{} numAlerts=7 alerts="KubeDeploymentRolloutStuck: 2, RBACPolicyDenied: 1, ContainerOOMKilling: 1, KubePodCrashLooping: 3"
time=2026-10-02T05:50:13.402Z level=DEBUG source=dispatch.go:934 msg=flushing component=dispatcher aggrGroup={}:{} numAlerts=6 alerts="RBACPolicyDenied: 1, ContainerOOMKilling: 1, KubePodCrashLooping: 3, KubeDeploymentRolloutStuck: 1"
time=2026-10-02T05:50:18.402Z level=DEBUG source=dispatch.go:934 msg=flushing component=dispatcher aggrGroup={}:{} numAlerts=6 alerts="RBACPolicyDenied: 1, ContainerOOMKilling: 1, KubePodCrashLooping: 3, KubeDeploymentRolloutStuck: 1"
time=2026-10-02T05:50:23.402Z level=DEBUG source=dispatch.go:934 msg=flushing component=dispatcher aggrGroup={}:{} numAlerts=6 alerts="RBACPolicyDenied: 1, ContainerOOMKilling: 1, KubePodCrashLooping: 3, KubeDeploymentRolloutStuck: 1"
time=2026-10-02T05:50:28.402Z level=DEBUG source=dispatch.go:934 msg=flushing component=dispatcher aggrGroup={}:{} numAlerts=6 alerts="RBACPolicyDenied: 1, ContainerOOMKilling: 1, KubePodCrashLooping: 3, KubeDeploymentRolloutStuck: 1"
time=2026-10-02T05:50:29.807Z level=DEBUG source=dispatch.go:259 msg="Received alert" component=dispatcher alert=KubePodCrashLooping[b0bc325][active]
time=2026-10-02T05:50:29.807Z level=DEBUG source=dispatch.go:259 msg="Received alert" component=dispatcher alert=KubePodCrashLooping[2da7231][active]
time=2026-10-02T05:50:29.807Z level=DEBUG source=dispatch.go:259 msg="Received alert" component=dispatcher alert=KubePodCrashLooping[15a8d71][active]
time=2026-10-02T05:50:29.967Z level=DEBUG source=dispatch.go:259 msg="Received alert" component=dispatcher alert=ContainerOOMKilling[93e53ef][active]
time=2026-10-02T05:50:33.403Z level=DEBUG source=dispatch.go:934 msg=flushing component=dispatcher aggrGroup={}:{} numAlerts=6 alerts="RBACPolicyDenied: 1, ContainerOOMKilling: 1, KubePodCrashLooping: 3, KubeDeploymentRolloutStuck: 1"
time=2026-10-02T05:50:38.289Z level=DEBUG source=dispatch.go:259 msg="Received alert" component=dispatcher alert=KubeDeploymentRolloutStuck[feb775f][active]
time=2026-10-02T05:50:38.404Z level=DEBUG source=dispatch.go:934 msg=flushing component=dispatcher aggrGroup={}:{} numAlerts=6 alerts="RBACPolicyDenied: 1, ContainerOOMKilling: 1, KubePodCrashLooping: 3, KubeDeploymentRolloutStuck: 1"
time=2026-10-02T05:50:43.404Z level=DEBUG source=dispatch.go:934 msg=flushing component=dispatcher aggrGroup={}:{} numAlerts=6 alerts="RBACPolicyDenied: 1, ContainerOOMKilling: 1, KubePodCrashLooping: 3, KubeDeploymentRolloutStuck: 1"
time=2026-10-02T05:50:48.405Z level=DEBUG source=dispatch.go:934 msg=flushing component=dispatcher aggrGroup={}:{} numAlerts=6 alerts="RBACPolicyDenied: 1, ContainerOOMKilling: 1, KubePodCrashLooping: 3, KubeDeploymentRolloutStuck: 1"
time=2026-10-02T05:50:53.405Z level=DEBUG source=dispatch.go:934 msg=flushing component=dispatcher aggrGroup={}:{} numAlerts=6 alerts="RBACPolicyDenied: 1, ContainerOOMKilling: 1, KubePodCrashLooping: 3, KubeDeploymentRolloutStuck: 1"
time=2026-10-02T05:50:56.102Z level=DEBUG source=dispatch.go:259 msg="Received alert" component=dispatcher alert=RBACPolicyDenied[9e45a8b][active]
time=2026-10-02T05:50:58.406Z level=DEBUG source=dispatch.go:934 msg=flushing component=dispatcher aggrGroup={}:{} numAlerts=6 alerts="RBACPolicyDenied: 1, ContainerOOMKilling: 1, KubePodCrashLooping: 3, KubeDeploymentRolloutStuck: 1"
time=2026-10-02T05:51:03.407Z level=DEBUG source=dispatch.go:934 msg=flushing component=dispatcher aggrGroup={}:{} numAlerts=6 alerts="RBACPolicyDenied: 1, ContainerOOMKilling: 1, KubePodCrashLooping: 3, KubeDeploymentRolloutStuck: 1"
time=2026-10-02T05:51:08.408Z level=DEBUG source=dispatch.go:934 msg=flushing component=dispatcher aggrGroup={}:{} numAlerts=6 alerts="RBACPolicyDenied: 1, ContainerOOMKilling: 1, KubePodCrashLooping: 3, KubeDeploymentRolloutStuck: 1"
time=2026-10-02T05:51:11.102Z level=DEBUG source=dispatch.go:259 msg="Received alert" component=dispatcher alert=RBACPolicyDenied[bc05418][resolved]
time=2026-10-02T05:51:13.409Z level=DEBUG source=dispatch.go:934 msg=flushing component=dispatcher aggrGroup={}:{} numAlerts=7 alerts="RBACPolicyDenied: 2, ContainerOOMKilling: 1, KubePodCrashLooping: 3, KubeDeploymentRolloutStuck: 1"
time=2026-10-02T05:51:14.966Z level=DEBUG source=dispatch.go:259 msg="Received alert" component=dispatcher alert=ContainerOOMKilling[221200a][resolved]
time=2026-10-02T05:51:18.410Z level=DEBUG source=dispatch.go:934 msg=flushing component=dispatcher aggrGroup={}:{} numAlerts=7 alerts="ContainerOOMKilling: 2, RBACPolicyDenied: 1, KubePodCrashLooping: 3, KubeDeploymentRolloutStuck: 1"
time=2026-10-02T05:51:23.288Z level=DEBUG source=dispatch.go:259 msg="Received alert" component=dispatcher alert=KubeDeploymentRolloutStuck[df0258e][resolved]
time=2026-10-02T05:51:23.411Z level=DEBUG source=dispatch.go:934 msg=flushing component=dispatcher aggrGroup={}:{} numAlerts=7 alerts="KubeDeploymentRolloutStuck: 2, RBACPolicyDenied: 1, ContainerOOMKilling: 1, KubePodCrashLooping: 3"
time=2026-10-02T05:51:28.411Z level=DEBUG source=dispatch.go:934 msg=flushing component=dispatcher aggrGroup={}:{} numAlerts=6 alerts="RBACPolicyDenied: 1, ContainerOOMKilling: 1, KubePodCrashLooping: 3, KubeDeploymentRolloutStuck: 1"
time=2026-10-02T05:51:33.412Z level=DEBUG source=dispatch.go:934 msg=flushing component=dispatcher aggrGroup={}:{} numAlerts=6 alerts="RBACPolicyDenied: 1, ContainerOOMKilling: 1, KubePodCrashLooping: 3, KubeDeploymentRolloutStuck: 1"
time=2026-10-02T05:51:38.412Z level=DEBUG source=dispatch.go:934 msg=flushing component=dispatcher aggrGroup={}:{} numAlerts=6 alerts="RBACPolicyDenied: 1, ContainerOOMKilling: 1, KubePodCrashLooping: 3, KubeDeploymentRolloutStuck: 1"
time=2026-10-02T05:51:43.413Z level=DEBUG source=dispatch.go:934 msg=flushing component=dispatcher aggrGroup={}:{} numAlerts=6 alerts="RBACPolicyDenied: 1, ContainerOOMKilling: 1, KubePodCrashLooping: 3, KubeDeploymentRolloutStuck: 1"
time=2026-10-02T05:51:44.761Z level=DEBUG source=dispatch.go:259 msg="Received alert" component=dispatcher alert=KubePodCrashLooping[b0bc325][active]
time=2026-10-02T05:51:44.762Z level=DEBUG source=dispatch.go:259 msg="Received alert" component=dispatcher alert=KubePodCrashLooping[2da7231][active]
time=2026-10-02T05:51:44.762Z level=DEBUG source=dispatch.go:259 msg="Received alert" component=dispatcher alert=KubePodCrashLooping[15a8d71][active]
time=2026-10-02T05:51:44.966Z level=DEBUG source=dispatch.go:259 msg="Received alert" component=dispatcher alert=ContainerOOMKilling[93e53ef][active]
time=2026-10-02T05:51:48.414Z level=DEBUG source=dispatch.go:934 msg=flushing component=dispatcher aggrGroup={}:{} numAlerts=6 alerts="RBACPolicyDenied: 1, ContainerOOMKilling: 1, KubePodCrashLooping: 3, KubeDeploymentRolloutStuck: 1"
time=2026-10-02T05:51:53.290Z level=DEBUG source=dispatch.go:259 msg="Received alert" component=dispatcher alert=KubeDeploymentRolloutStuck[feb775f][active]
time=2026-10-02T05:51:53.415Z level=DEBUG source=dispatch.go:934 msg=flushing component=dispatcher aggrGroup={}:{} numAlerts=6 alerts="RBACPolicyDenied: 1, ContainerOOMKilling: 1, KubePodCrashLooping: 3, KubeDeploymentRolloutStuck: 1"
time=2026-10-02T05:51:58.416Z level=DEBUG source=dispatch.go:934 msg=flushing component=dispatcher aggrGroup={}:{} numAlerts=6 alerts="RBACPolicyDenied: 1, ContainerOOMKilling: 1, KubePodCrashLooping: 3, KubeDeploymentRolloutStuck: 1"
